ID,NOUN,ADP,VERB,AUX,PRON,PROPN,PART,DET,ADJ,SCONJ,PUNCT,CCONJ,NUM,ADV,INTJ,X,words,eng_words,no_emoticons,no_hashtag,label
1,4,1,4,5,4,1,0,0,0,0,0,0,0,0,0,0,19,0,0,0,1
5,3,0,4,4,1,1,1,1,2,1,1,0,0,0,0,0,19,0,0,0,1
12,5,3,2,2,0,5,1,0,0,2,1,2,1,0,0,0,24,2,0,0,1
13,6,4,4,2,2,2,0,0,2,0,0,0,0,0,0,0,22,0,0,0,1
26,3,4,3,1,3,1,0,0,0,0,1,0,0,0,0,0,16,0,0,0,1
41,4,5,4,3,1,2,0,1,1,0,0,1,0,0,0,0,22,0,0,0,1
50,7,4,4,4,2,1,2,2,1,0,0,2,2,1,0,0,32,0,0,0,1
51,5,3,3,2,4,1,1,0,2,2,0,0,0,0,0,0,23,1,1,0,1
57,9,8,3,0,1,1,1,1,1,0,0,0,0,0,0,0,25,0,0,0,1
60,4,0,3,0,0,0,0,1,2,0,0,0,0,0,0,0,10,2,0,2,1
83,2,5,5,3,0,2,0,0,1,0,0,1,0,0,0,0,19,1,0,0,1
84,2,2,0,3,1,4,0,1,1,0,0,1,0,0,0,0,15,0,0,0,1
87,9,5,3,4,0,0,2,1,2,0,0,1,0,0,0,0,27,2,0,0,1
92,2,3,2,0,1,4,1,0,0,0,1,1,0,0,0,0,15,0,0,0,0
93,8,5,4,2,1,1,1,2,2,0,0,1,1,1,0,0,29,0,0,0,0
94,4,6,4,2,3,4,2,0,0,0,1,1,3,0,0,0,30,0,0,0,0
95,3,1,2,0,3,3,2,2,0,0,0,1,0,1,0,0,18,0,0,0,0
96,4,0,4,3,2,2,0,1,1,0,0,0,1,0,0,0,18,2,0,0,0
97,7,6,2,1,0,4,0,0,2,0,0,2,0,0,0,0,24,1,0,0,0
98,4,3,3,3,1,0,0,2,2,0,0,1,0,0,0,0,19,0,0,0,0
99,6,3,8,3,2,0,2,0,0,0,0,1,0,0,0,0,25,0,0,0,1
104,6,5,2,0,0,0,2,0,3,0,0,2,0,0,0,0,20,1,0,0,0
105,6,3,2,1,0,1,0,0,1,1,0,1,0,0,0,0,16,0,0,0,0
108,9,8,1,2,0,6,0,1,0,0,0,1,0,0,0,0,28,2,0,0,1
111,6,2,5,4,0,0,1,1,1,0,0,1,1,0,0,0,22,0,0,0,0
118,4,6,2,1,1,3,0,0,2,0,0,1,0,1,0,0,21,0,0,0,0
119,6,6,5,3,6,2,0,1,1,0,0,1,0,0,0,0,31,0,0,0,0
123,7,1,1,3,4,1,0,1,1,0,0,1,0,0,0,0,20,0,0,0,1
124,2,1,2,2,1,2,1,1,5,0,1,1,0,0,0,0,19,1,0,0,0
128,3,1,3,6,4,1,1,1,0,2,1,1,0,1,0,0,25,1,0,0,1
129,4,2,3,5,2,0,1,0,4,0,0,1,1,0,0,0,23,0,0,0,0
138,6,4,3,1,0,2,0,0,1,1,1,1,1,0,0,0,21,2,0,0,0
139,5,2,3,3,4,0,1,2,2,0,1,2,0,1,0,0,26,0,0,0,0
140,6,3,4,6,0,1,1,0,0,1,1,1,0,1,0,0,25,0,0,0,0
144,2,1,3,2,6,0,0,0,0,0,0,1,0,0,0,0,15,0,1,0,0
147,6,6,5,2,1,6,1,0,1,0,0,1,0,0,0,0,29,0,0,0,1
148,5,5,1,1,5,1,0,0,1,0,0,1,0,0,1,0,21,0,0,0,1
149,4,2,4,5,8,0,1,0,0,0,0,0,0,0,0,0,24,0,0,0,0
151,8,5,3,1,1,0,3,0,1,0,1,1,0,1,0,0,25,0,0,0,0
153,4,5,3,2,1,4,1,1,0,0,0,1,0,1,0,0,23,0,0,0,0
154,4,1,2,3,2,0,1,1,2,2,0,1,0,0,0,0,19,0,0,0,1
157,6,2,5,3,4,1,3,0,1,0,1,1,0,0,0,0,27,0,0,0,0
160,3,2,3,3,3,3,1,0,0,0,0,2,0,0,0,0,20,0,0,0,0
162,4,2,2,2,1,2,1,0,0,0,0,1,0,0,0,0,15,0,0,0,0
163,6,1,3,1,4,0,2,1,2,0,1,1,0,0,0,0,22,0,0,0,0
165,6,6,2,0,0,2,0,1,3,0,0,2,0,1,0,0,23,0,0,0,0
169,9,5,2,1,2,3,3,0,1,1,0,0,1,1,0,0,29,0,0,0,0
170,3,4,1,0,0,4,0,0,2,0,0,0,1,0,0,0,15,0,0,0,0
171,4,1,2,0,3,1,0,1,0,0,0,1,0,0,0,0,13,0,0,0,0
172,2,2,1,0,0,2,0,0,1,0,0,0,0,0,0,0,8,0,0,0,0
173,4,3,1,3,4,0,0,0,1,0,2,0,0,2,0,0,20,0,0,0,0
174,9,8,1,1,0,5,1,0,1,0,0,1,0,0,0,0,27,0,0,0,0
178,5,1,3,2,4,0,0,0,3,0,0,1,0,0,0,0,19,0,0,0,1
181,8,5,5,3,1,1,3,2,1,0,0,1,0,0,0,0,30,3,0,0,1
185,7,3,1,0,1,3,0,0,1,0,0,0,0,0,0,0,16,0,0,0,0
186,8,4,2,3,0,2,0,0,1,0,0,1,0,0,0,0,21,0,0,0,0
187,6,5,3,3,4,0,2,1,0,0,1,0,0,1,0,0,26,0,0,0,0
188,5,3,1,4,2,2,2,1,3,0,0,1,1,1,0,0,26,0,0,0,0
190,2,1,2,2,1,1,1,0,1,0,0,0,0,0,0,0,11,0,0,0,1
193,6,6,2,3,2,1,0,0,0,0,0,0,0,0,0,0,20,0,0,0,1
194,11,9,3,3,1,0,1,0,1,0,0,1,2,0,0,0,32,0,0,0,0
196,4,6,3,0,1,9,0,0,2,0,0,1,0,0,0,0,26,0,0,0,0
197,3,0,2,2,5,1,0,1,0,0,0,0,1,1,0,0,16,0,0,0,0
199,4,1,5,4,6,0,0,0,0,2,0,0,0,0,0,0,22,0,0,0,0
201,10,2,3,4,2,2,1,1,2,0,0,0,0,1,0,0,28,0,0,0,1
205,5,4,2,1,1,7,0,1,1,1,0,1,4,0,0,0,28,1,0,0,1
206,3,3,1,0,0,0,0,0,1,0,1,0,0,0,0,0,9,0,0,0,0
211,8,3,2,3,3,1,1,0,0,0,0,0,0,0,0,0,21,0,0,0,0
212,4,2,3,2,1,1,0,0,2,0,0,0,1,0,0,0,16,2,0,0,0
215,8,4,5,2,0,3,1,0,0,0,1,0,0,3,0,0,27,1,0,0,1
218,2,0,1,1,1,0,0,0,1,0,0,0,0,0,0,0,6,0,0,0,1
222,8,5,3,1,3,0,0,1,1,0,1,1,1,0,0,0,25,0,0,0,0
223,4,2,4,4,5,0,1,0,0,0,0,0,0,0,0,0,20,2,0,0,0
226,5,2,2,3,3,2,1,1,0,0,0,0,0,0,0,0,19,0,0,0,0
230,6,6,5,2,3,1,2,0,0,1,0,0,2,0,0,0,28,0,0,0,0
233,4,2,1,2,0,0,0,1,0,0,0,0,3,0,0,0,13,0,0,0,0
235,4,2,4,2,3,0,1,2,0,0,0,0,0,0,0,0,18,0,0,0,0
245,2,1,1,0,0,4,0,0,0,0,2,0,0,0,0,0,10,6,0,0,1
247,7,3,3,3,2,1,3,1,0,0,0,0,0,0,0,0,23,0,0,0,1
263,3,2,1,2,0,1,0,1,1,0,0,0,0,0,0,0,11,1,0,0,1
264,3,1,2,1,2,0,1,0,0,0,0,0,0,1,0,0,11,0,0,0,0
265,3,5,0,1,0,1,1,1,0,0,0,0,0,0,0,0,12,0,0,0,0
267,4,2,5,4,4,0,2,2,1,1,0,0,0,0,0,0,25,0,0,0,0
332,5,3,1,0,0,3,0,0,1,0,0,0,0,0,0,0,13,2,0,0,0
341,5,4,4,1,3,2,0,2,0,0,0,0,0,1,0,0,22,2,0,0,0
349,2,2,0,1,2,1,0,1,0,0,0,0,0,0,0,0,9,1,0,0,1
358,1,0,0,0,0,6,0,0,0,0,1,0,1,0,0,0,9,0,0,0,1
360,3,3,0,0,0,5,1,0,1,0,0,0,0,0,0,0,13,3,0,0,0
362,7,3,0,2,0,3,1,0,0,0,1,1,3,0,0,0,21,0,0,0,1
371,3,4,2,1,0,0,1,0,0,0,0,0,0,0,0,0,11,2,0,0,1
382,5,4,2,0,0,5,1,0,0,0,0,0,0,0,0,0,17,3,0,0,0
388,6,4,2,0,1,2,0,1,2,0,1,0,1,1,0,0,21,3,0,0,0
389,4,3,3,1,1,3,0,0,0,0,3,0,1,0,0,0,19,7,0,2,0
396,4,4,1,2,0,1,0,0,0,0,0,0,0,0,0,0,12,0,0,0,1
402,2,3,0,0,0,3,0,1,2,0,0,0,0,0,0,0,11,0,0,0,1
405,4,4,2,2,2,1,0,2,0,0,2,1,1,3,0,0,24,1,1,0,0
406,7,4,5,2,1,3,1,0,0,1,0,0,0,0,0,0,24,2,0,0,0
409,0,3,2,1,1,12,0,0,2,0,1,0,0,0,0,0,22,5,0,0,1
411,3,4,2,1,4,2,1,0,0,0,1,1,1,0,0,0,20,1,0,0,0
418,3,2,1,1,1,3,2,0,1,0,0,0,0,0,0,0,14,1,0,0,1
436,2,0,3,1,4,2,2,0,0,0,0,0,1,0,0,0,15,0,0,0,0
442,4,3,1,0,0,0,1,0,0,0,0,0,0,0,0,0,9,0,0,0,0
446,9,3,4,1,0,1,0,0,0,0,3,1,0,0,0,0,22,7,0,4,1
449,4,1,4,1,1,2,0,0,2,0,0,1,0,0,0,0,16,0,0,0,1
450,5,3,1,2,0,1,0,0,0,0,0,0,0,0,0,0,12,0,0,0,0
451,6,6,2,0,0,6,0,0,1,0,0,0,0,1,0,0,22,2,0,0,0
461,4,2,1,0,0,0,1,0,3,0,0,0,0,0,0,0,11,0,0,0,0
466,4,4,0,0,0,7,1,0,0,0,0,0,0,1,0,0,17,2,0,0,0
467,4,4,2,0,0,2,0,0,0,0,0,0,0,0,0,0,12,0,0,0,0
469,7,5,5,3,1,4,0,0,0,1,0,1,0,0,0,0,27,0,0,0,1
470,5,2,1,1,0,2,0,0,0,0,1,0,0,0,0,0,12,3,0,0,1
473,2,5,1,0,0,3,0,0,0,0,0,0,0,0,0,0,11,0,0,0,0
484,4,5,1,0,0,1,0,0,1,0,0,0,0,0,0,0,12,1,0,0,0
485,4,3,0,0,0,3,0,0,1,0,0,0,0,0,0,0,11,0,0,0,0
490,8,2,4,3,0,0,0,0,0,0,0,0,1,0,0,0,18,3,1,0,1
491,8,3,3,2,3,1,3,0,2,0,2,1,1,0,0,0,29,0,0,0,1
496,3,4,1,1,1,0,1,0,0,0,0,0,0,0,0,0,11,0,0,0,1
533,7,4,1,1,0,0,0,1,0,1,0,1,0,0,0,0,16,1,0,0,0
539,2,4,3,0,0,5,0,0,2,0,1,0,0,0,0,0,17,4,0,0,0
542,5,3,3,1,0,2,1,0,3,0,0,0,1,0,0,1,20,0,0,0,1
551,6,2,1,1,0,2,0,1,2,0,0,0,0,0,0,0,15,0,0,0,0
555,6,2,3,2,3,2,0,1,0,2,2,0,0,0,0,0,23,4,0,0,1
571,7,5,2,1,1,3,0,1,1,0,1,0,0,0,0,0,22,4,0,0,0
573,5,4,2,0,0,4,0,0,1,0,0,0,0,0,0,0,16,0,0,0,0
581,2,3,1,0,0,2,0,0,3,0,0,0,0,0,0,0,11,0,0,0,0
584,4,2,1,1,3,5,1,0,0,0,1,0,0,1,0,0,19,5,2,0,1
602,5,4,4,2,1,5,2,0,1,1,0,1,0,0,0,0,26,2,0,0,0
605,2,3,3,1,0,3,0,0,0,1,1,0,0,0,0,0,14,0,0,0,0
610,5,3,1,0,0,1,0,0,2,0,0,0,1,0,0,0,13,2,0,2,1
616,7,4,3,0,0,4,1,0,0,0,0,1,0,0,0,0,20,5,0,0,0
794,4,3,1,3,0,1,0,0,1,0,0,1,0,0,0,0,14,0,0,0,0
822,2,2,2,1,0,0,1,0,2,1,0,0,0,0,0,0,11,0,0,0,0
833,4,6,2,1,2,2,0,1,2,0,0,0,1,1,0,0,22,0,0,0,0
845,4,3,0,1,0,0,0,1,1,0,0,0,0,0,0,0,10,0,0,0,0
862,0,0,1,1,1,2,0,1,1,0,0,0,0,0,0,0,7,0,0,0,0
863,1,1,1,1,0,2,0,0,1,0,0,0,0,0,0,0,7,0,0,0,0
870,3,1,0,1,0,0,1,1,1,0,0,0,0,0,0,0,8,0,0,0,0
871,4,4,1,0,0,1,1,0,0,0,0,0,0,0,0,0,11,0,0,0,0
876,3,2,1,2,0,0,2,0,1,0,0,0,0,1,0,0,12,0,0,0,0
890,1,2,1,1,1,1,1,0,1,0,0,0,0,0,0,0,9,0,0,0,0
902,2,2,1,1,1,1,1,0,0,0,0,0,0,0,0,0,9,0,0,0,0
906,1,1,0,1,0,2,0,1,1,0,0,0,0,0,0,0,7,0,0,0,0
920,4,1,3,2,0,1,0,0,0,0,0,0,0,0,0,0,11,0,0,0,0
946,3,1,1,0,1,0,0,0,2,0,0,1,0,0,0,0,9,0,0,0,0
960,3,2,1,2,1,0,2,0,0,0,0,0,0,0,0,0,11,0,0,0,0
989,6,3,2,0,1,4,0,0,0,0,0,0,1,0,0,0,17,0,0,0,0
992,3,4,3,3,3,1,0,2,1,0,0,0,0,1,0,0,21,0,0,0,0
994,1,5,2,1,0,8,0,0,1,0,0,0,0,0,0,0,18,0,0,0,0
996,4,4,1,0,0,2,0,0,2,0,0,0,0,0,0,0,13,0,0,0,0
1002,6,4,3,1,2,0,3,0,1,0,0,0,0,0,0,0,20,0,0,0,0
1004,0,0,0,0,0,7,0,0,1,0,1,0,0,1,0,0,10,1,0,0,0
1007,7,6,2,1,0,3,1,0,1,0,0,0,1,1,0,0,23,0,0,0,0
1010,7,7,5,4,2,0,1,1,1,1,0,0,0,0,0,0,29,0,0,0,0
1012,5,6,4,1,2,6,3,1,0,0,0,2,1,0,0,0,31,0,0,0,1
1020,2,4,0,0,0,8,1,0,0,0,0,0,2,0,0,0,17,0,0,0,0
1021,4,4,2,1,0,1,2,1,0,0,0,0,2,0,0,0,17,0,0,0,0
1025,2,5,0,0,0,12,2,0,0,0,0,1,0,0,0,0,22,0,0,0,0
1029,4,5,3,2,2,1,1,1,5,0,0,0,1,0,0,0,25,0,0,0,0
1047,1,0,1,3,4,0,0,1,4,1,0,1,0,0,0,0,16,0,0,0,0
1050,8,2,4,4,2,1,5,2,0,1,0,1,0,1,0,0,31,0,0,0,0
1089,2,2,1,0,0,0,0,0,2,0,1,0,0,0,0,0,8,1,0,0,0
1091,8,6,2,1,0,5,2,0,1,0,0,1,3,0,0,0,29,0,0,0,1
1098,4,4,0,0,0,2,0,0,0,0,0,0,0,0,0,0,10,0,0,0,0
1100,9,2,5,4,4,2,0,0,2,1,1,0,0,0,0,0,30,0,1,0,0
1101,6,4,1,1,3,1,0,3,1,0,0,2,0,0,0,0,22,0,0,0,0
1103,3,3,0,0,0,4,0,0,1,0,0,0,0,0,0,0,11,2,0,0,0
1119,4,2,4,3,3,2,1,0,1,0,0,0,0,0,0,0,20,0,0,0,0
1122,3,2,4,2,4,0,2,0,1,0,0,1,0,1,0,0,20,0,0,0,0
1131,2,1,1,1,0,2,0,0,2,0,0,1,0,0,0,0,10,0,0,0,0
1141,4,4,1,1,0,0,0,1,2,0,0,0,0,0,0,0,13,0,0,0,0
1144,6,7,1,1,1,1,0,0,2,0,0,1,0,0,0,0,20,0,0,0,0
1148,6,5,4,1,0,1,0,0,2,0,0,1,0,0,0,0,20,0,0,0,0
1170,2,1,1,2,0,0,0,0,1,0,0,0,1,0,0,0,8,0,0,0,0
1187,2,2,1,2,1,1,0,0,0,0,0,0,0,0,0,0,9,0,0,0,0
1198,1,1,1,1,2,4,0,0,0,0,0,1,0,0,0,0,11,0,0,0,0
1206,5,3,4,5,1,3,0,0,1,2,0,1,1,0,0,0,26,0,0,0,0
1209,2,0,2,2,2,0,1,1,1,0,0,0,1,0,0,0,12,0,0,0,0
1227,2,4,2,1,0,1,0,0,0,0,0,0,1,0,0,0,11,0,0,0,0
1232,3,4,1,1,0,2,0,1,3,0,0,0,1,0,0,0,16,0,0,0,0
1249,2,0,1,1,2,0,0,2,1,0,0,0,0,0,0,0,9,0,0,0,1
1262,3,3,1,1,0,1,0,0,1,0,0,0,1,0,0,0,11,0,0,0,0
1267,4,3,4,1,1,0,2,2,1,1,0,0,0,1,0,0,20,0,0,0,0
1271,3,2,1,2,0,3,0,1,0,0,0,0,0,1,0,0,13,0,0,0,0
1291,1,0,0,1,0,3,0,0,3,0,0,2,0,1,0,0,11,0,0,0,0
1299,1,2,1,1,0,3,0,0,1,0,0,0,0,0,0,0,9,0,0,0,0
1312,2,2,1,2,0,0,0,1,4,0,0,2,1,0,0,0,15,0,0,0,0
1315,2,1,0,1,0,0,0,0,3,0,0,1,0,0,0,0,8,0,0,0,0
1335,7,7,3,3,1,5,0,1,1,0,0,0,0,0,0,0,28,0,0,0,0
1355,3,2,1,1,0,3,0,0,1,0,0,0,0,0,0,0,11,0,0,0,0
1359,6,3,3,0,1,0,1,1,1,1,0,0,0,1,0,0,18,0,0,0,0
1367,3,2,0,1,0,4,0,0,3,0,0,1,0,0,0,0,14,0,0,0,0
1381,4,3,4,1,0,0,0,1,1,0,0,1,0,0,0,0,15,0,0,0,0
1404,5,1,2,2,0,2,1,0,0,0,0,1,0,0,0,0,14,0,0,0,0
1409,3,3,1,1,2,0,1,0,0,0,0,0,0,0,0,0,11,0,0,0,0
1415,4,5,0,1,0,1,0,0,1,0,0,1,0,1,0,0,14,0,0,0,0
1436,3,2,1,2,0,0,0,1,1,0,0,0,0,0,0,0,10,0,0,0,0
1453,5,5,1,1,0,4,0,0,3,0,0,0,0,0,0,0,19,0,0,0,0
1456,5,3,1,2,0,1,0,0,1,0,0,1,0,0,0,0,14,0,0,0,0
1464,3,3,1,1,0,2,0,0,0,0,0,0,0,0,0,0,10,0,0,0,0
1473,3,1,1,1,1,0,0,0,2,0,0,0,0,0,0,0,9,0,0,0,0
1477,3,5,2,2,2,3,0,0,2,0,0,0,1,0,0,0,20,0,0,0,0
1491,5,3,1,0,0,0,0,0,1,0,0,0,0,1,0,0,11,0,0,0,0
1500,5,2,3,0,0,1,0,0,0,0,0,0,1,0,0,0,12,0,0,0,0
1530,3,2,1,0,0,3,0,0,0,0,0,0,0,0,0,0,9,0,0,0,0
1533,3,4,1,2,0,4,0,1,0,0,0,0,0,1,0,0,16,0,0,0,0
1537,4,3,0,0,0,3,0,0,1,0,0,1,0,0,0,0,12,0,0,0,0
1555,2,1,0,0,0,5,1,0,2,0,0,0,0,0,0,0,11,0,0,0,0
1579,3,4,1,0,0,4,0,0,1,0,0,0,0,0,0,0,13,2,0,0,0
1621,3,5,2,0,0,3,0,0,1,0,0,0,0,0,0,0,14,0,0,0,0
1652,3,4,1,0,0,1,0,0,1,0,0,0,0,1,0,0,11,0,0,0,0
1681,6,5,3,7,1,1,0,1,0,0,0,0,1,1,0,0,26,0,0,0,0
1754,5,5,1,2,0,8,0,0,1,0,0,0,0,0,0,0,22,0,0,0,0
1795,7,5,2,1,0,2,0,0,2,0,0,0,0,0,0,0,19,1,0,0,0
1811,8,5,2,2,2,3,0,1,0,0,0,0,0,0,0,0,23,1,0,0,0
1827,8,9,3,4,1,4,0,0,0,1,0,0,0,0,0,0,30,0,0,0,0
1876,6,6,1,3,0,5,1,0,0,0,0,0,3,0,0,0,25,0,0,0,0
1914,1,2,2,3,0,5,0,0,1,0,0,0,0,1,0,0,15,1,0,0,1
1940,5,4,0,0,0,5,0,1,0,0,0,1,2,0,0,0,18,0,0,0,0
1942,1,3,3,2,1,3,1,0,0,1,1,0,0,0,0,0,16,0,1,2,0
1959,5,3,2,1,0,2,0,0,0,0,1,0,0,0,0,0,14,3,0,0,0
1989,10,6,3,0,0,0,0,0,0,0,0,0,3,0,0,0,22,2,0,0,0
1990,3,5,3,2,0,4,0,0,1,0,0,0,0,0,0,0,18,3,0,0,0
1997,2,5,2,0,0,11,0,0,1,1,0,1,1,0,0,0,24,0,0,0,0
2036,3,2,3,2,3,1,0,0,1,0,0,0,0,0,0,0,15,3,0,2,0
2048,5,6,0,0,0,5,0,0,2,0,0,0,0,1,0,0,19,0,0,0,0
2050,2,2,0,1,1,1,0,0,1,0,0,0,0,0,0,0,8,0,0,0,0
2052,2,1,1,0,2,0,0,0,0,0,0,1,0,0,0,0,7,0,0,0,1
2054,2,5,3,4,0,6,0,0,0,0,1,0,1,1,0,0,23,0,0,0,0
2066,5,3,2,1,0,0,0,1,0,0,1,0,0,0,0,0,13,1,0,0,0
2069,6,1,2,4,1,0,1,0,0,1,3,0,0,1,1,0,21,1,0,0,1
2091,4,3,4,0,2,0,1,0,1,0,1,0,0,2,0,0,18,1,0,0,1
2101,3,3,4,3,3,3,1,0,0,0,1,0,0,0,0,0,21,0,0,0,1
2116,5,4,0,0,0,11,0,0,1,0,0,0,1,0,0,0,22,1,0,0,0
2141,0,1,1,2,0,3,0,0,1,0,0,0,0,0,0,0,8,0,0,0,1
2154,7,6,4,1,0,0,0,0,5,0,0,0,2,0,0,0,25,2,0,0,1
2157,2,1,6,3,3,4,0,0,0,1,0,0,0,1,0,0,21,0,0,0,0
2197,2,4,1,0,0,1,0,0,0,0,0,0,1,0,0,0,9,2,0,0,0
2202,5,4,3,2,2,0,1,0,1,0,0,0,0,0,0,0,18,0,0,0,1
2290,4,1,2,3,2,5,0,0,3,0,0,0,1,1,0,0,22,1,0,0,0
2339,6,2,2,1,0,0,0,2,1,0,0,1,0,0,0,0,15,2,0,0,1
2343,5,3,1,2,1,4,2,0,1,0,0,0,1,0,0,0,20,1,0,0,1
2344,6,6,2,0,0,1,0,0,1,0,0,1,0,0,0,0,17,1,0,0,0
2346,5,3,2,7,2,2,0,1,1,0,2,0,3,0,0,0,28,1,0,2,0
2351,4,4,0,0,0,3,0,0,1,0,1,0,0,0,0,0,13,4,0,0,0
2354,6,2,2,4,0,1,0,1,2,0,1,0,0,0,0,0,19,5,0,2,0
2364,4,5,3,3,2,1,0,1,2,0,0,0,1,0,0,0,22,3,0,0,0
2365,5,1,2,1,4,0,1,1,2,0,0,0,0,0,0,0,17,3,0,0,0
2367,2,2,2,2,0,2,0,0,1,0,0,0,0,0,0,0,11,0,0,0,0
2369,2,3,2,0,0,3,0,0,1,0,0,0,0,1,0,0,12,1,0,0,0
2371,4,5,1,1,0,6,0,0,2,0,0,0,2,0,0,0,21,0,0,0,0
2374,5,2,1,0,0,1,0,0,2,0,1,0,0,0,0,0,12,3,3,0,1
2375,4,3,2,5,1,4,0,1,0,0,0,0,0,1,0,0,21,0,0,0,0
2385,5,0,2,0,2,0,3,0,2,1,2,0,0,0,0,0,17,3,0,0,1
2392,5,4,0,1,0,5,0,0,1,0,1,0,0,0,0,0,17,0,0,0,0
2393,6,7,1,1,0,5,0,0,0,0,0,0,0,0,0,0,20,0,0,0,0
2394,3,4,1,0,1,5,0,0,0,0,0,0,0,0,0,0,14,0,0,0,0
2399,8,6,3,1,0,1,0,0,1,0,0,0,2,0,0,0,22,1,0,0,0
2406,2,2,0,0,1,4,1,0,1,0,0,0,0,0,0,0,11,0,0,0,1
2407,6,4,1,1,1,1,2,0,0,0,0,1,0,0,1,0,18,1,0,0,1
2412,8,8,2,2,0,4,0,0,1,0,0,0,0,0,0,0,25,1,0,0,0
2422,3,3,0,0,2,1,0,0,2,0,0,0,1,0,0,0,12,0,0,0,0
2431,2,5,0,0,0,6,0,0,0,0,1,0,0,0,0,0,14,3,0,0,0
2441,4,5,3,1,1,4,0,0,0,0,0,0,0,0,0,0,18,2,0,0,0
2446,4,1,1,0,0,2,0,0,2,0,0,0,0,1,0,0,11,1,0,0,0
2449,9,7,4,0,0,2,0,0,0,0,0,1,2,0,0,0,25,1,0,0,0
2468,4,2,1,2,0,0,1,0,1,0,0,0,1,0,0,0,12,0,0,0,0
2507,3,1,2,1,0,0,0,2,1,0,0,0,0,0,0,0,10,0,0,0,0
2532,2,2,2,0,2,0,1,0,1,0,0,0,0,0,0,0,10,0,0,0,0
2554,3,4,0,1,2,0,0,0,2,0,0,1,0,0,0,0,13,0,0,0,0
2600,6,2,3,1,1,0,0,0,1,1,0,1,1,0,0,0,17,0,0,0,0
2642,1,2,2,1,2,0,0,0,1,0,0,0,0,0,0,0,9,0,0,0,0
2666,1,0,1,1,1,0,0,0,3,0,0,1,0,0,0,0,8,0,0,0,0
2686,2,1,1,2,0,0,1,1,1,0,0,0,0,1,0,0,10,0,0,0,0
2708,1,2,1,1,0,3,0,0,0,0,0,0,0,0,0,0,8,0,0,0,0
2729,9,3,1,4,1,0,1,2,1,1,0,1,0,0,0,0,24,0,0,0,0
2781,5,5,3,3,0,0,0,1,1,0,0,0,0,0,0,0,18,0,0,0,0
2784,4,5,1,4,2,1,0,0,2,0,0,0,0,0,0,0,19,0,0,0,0
2821,4,3,3,1,1,1,0,1,0,1,0,1,0,0,0,0,16,0,0,0,0
2838,2,3,3,1,1,0,0,0,1,2,0,0,0,1,0,0,14,0,0,0,0
2840,4,4,1,3,0,0,2,0,0,0,0,0,1,0,0,0,15,0,0,0,0
2846,7,5,2,2,0,1,1,1,0,1,0,0,0,0,0,0,20,0,0,0,0
2878,1,1,1,1,0,1,1,0,0,0,0,0,0,1,0,0,7,0,0,0,1
2880,3,1,2,0,0,0,2,0,0,0,0,0,0,1,0,0,9,0,0,0,0
2883,1,0,2,1,2,0,0,0,3,0,0,0,0,0,0,0,9,0,0,0,0
2884,3,1,2,0,0,0,0,0,1,0,0,0,0,0,0,0,7,0,0,0,0
2897,1,0,1,0,2,0,1,0,2,0,0,0,0,1,0,0,8,0,0,0,0
2899,1,1,2,1,1,0,0,0,2,0,0,0,0,1,0,0,9,0,0,0,0
2900,1,1,1,2,2,0,0,0,2,0,0,0,0,0,0,0,9,0,0,0,0
2902,4,3,1,1,1,1,2,0,0,0,0,0,1,0,0,0,14,0,0,0,0
2912,4,3,2,0,0,1,0,2,2,0,0,1,0,0,0,0,15,0,0,0,0
2918,3,1,1,1,0,0,0,0,0,0,0,0,0,0,0,0,6,0,0,0,0
2934,2,0,0,1,0,0,1,2,1,0,0,0,0,0,0,0,7,0,0,0,0
2954,5,4,2,1,2,2,1,0,1,0,0,0,1,1,0,0,20,0,0,0,0
2979,1,0,1,2,0,2,0,1,0,0,0,0,0,0,0,0,7,0,0,0,0
3028,2,5,1,0,1,4,1,0,1,0,0,0,1,0,0,0,16,0,0,0,0
3048,6,3,2,1,0,6,0,1,0,0,0,0,0,0,0,0,19,0,0,0,0
3087,2,2,2,2,3,2,0,1,0,0,0,0,1,0,0,0,15,0,0,0,0
3090,2,2,4,3,3,1,1,0,1,2,0,0,0,1,0,0,20,0,0,0,0
3108,5,7,2,1,0,8,0,0,1,0,0,0,0,1,0,0,25,0,0,0,0
3112,2,1,2,1,1,0,0,0,0,0,0,0,0,0,0,0,7,0,0,0,0
3128,3,2,0,1,0,1,0,2,1,0,0,1,0,1,0,0,12,0,0,0,0
3144,8,6,1,1,0,2,1,0,2,0,0,1,0,0,0,0,22,0,0,0,0
3147,3,3,3,3,4,1,0,0,1,1,0,0,0,0,0,0,19,0,0,0,0
3148,4,3,1,1,1,2,0,0,2,0,0,0,0,0,0,0,14,0,0,0,0
3157,2,3,0,1,0,2,2,0,1,0,0,0,0,1,0,0,12,0,0,0,0
3172,7,4,2,4,0,0,0,1,1,1,0,0,1,0,0,0,21,0,0,0,1
3185,7,5,2,2,2,1,1,0,0,0,0,0,0,0,0,0,20,0,0,0,0
3209,4,1,3,3,3,0,0,1,1,1,0,0,1,0,0,0,18,0,0,0,0
3210,2,2,2,0,0,2,0,0,2,0,0,0,0,1,0,0,11,0,0,0,0
3237,2,0,2,1,2,0,0,0,1,1,0,0,0,0,0,0,9,0,0,0,0
3250,4,4,3,2,0,2,0,0,1,0,0,0,1,0,0,0,17,0,0,0,0
3259,4,3,2,1,1,0,2,1,1,0,0,1,0,0,0,0,16,0,0,0,0
3279,4,4,1,1,1,2,0,0,1,0,0,0,0,0,0,0,14,0,0,0,0
3299,3,2,2,2,0,1,0,0,1,0,0,0,0,0,0,0,11,0,0,0,0
3318,2,1,1,1,1,0,0,0,1,0,0,0,0,0,0,0,7,0,0,0,0
3328,1,1,2,0,2,0,1,0,0,0,0,0,0,0,0,0,7,0,0,0,0
3329,3,1,2,1,2,0,1,0,1,0,0,0,0,0,0,0,11,0,0,0,0
3333,2,5,1,2,4,0,0,2,1,0,0,0,1,1,0,0,19,0,0,0,0
3340,4,4,2,1,0,2,0,0,2,1,0,0,0,0,0,0,16,0,0,0,0
3344,5,4,2,1,0,0,1,1,0,0,0,0,0,0,0,0,14,0,0,0,0
3362,5,5,2,2,2,4,0,1,0,1,0,0,0,0,0,0,22,0,0,0,0
3396,3,3,0,1,1,0,0,1,0,0,0,0,0,0,0,0,9,0,0,0,0
3401,5,3,0,1,2,0,0,0,1,0,0,1,0,0,0,0,13,0,0,0,0
3431,2,1,1,1,0,0,0,0,2,0,0,0,0,0,0,0,7,0,0,0,0
3447,3,2,1,1,0,1,0,0,1,0,0,0,1,0,0,0,10,0,0,0,0
3461,1,1,1,1,3,1,0,2,0,0,0,0,0,0,0,0,10,0,0,0,0
3468,1,0,0,1,1,0,0,0,1,0,0,0,0,1,0,0,5,0,0,0,0
3477,0,0,2,1,1,0,0,0,1,0,0,0,0,0,0,0,5,0,0,0,0
3479,3,2,1,3,2,1,0,0,0,2,1,0,1,0,0,0,16,0,0,0,1
3481,3,0,1,1,1,0,0,0,2,0,0,1,0,0,0,0,9,0,0,0,0
3488,1,2,2,1,0,3,1,0,3,0,0,0,0,0,0,0,13,0,0,0,0
3491,4,5,1,0,0,0,0,1,1,0,0,0,0,0,0,0,12,0,0,0,0
3495,7,3,0,1,0,0,0,0,1,0,0,1,1,0,0,0,14,0,0,0,0
3504,3,3,3,4,1,1,1,3,1,1,0,0,0,0,0,0,21,0,0,0,0
3508,2,1,1,1,2,0,0,0,1,0,0,0,0,0,0,0,8,0,0,0,0
3520,2,1,1,2,0,0,0,0,2,0,0,0,0,0,0,0,8,0,0,0,0
3542,1,1,2,0,0,1,1,0,1,0,0,0,0,0,0,0,7,0,0,0,0
3551,4,3,2,2,3,1,0,0,1,0,0,2,0,0,0,0,18,0,0,0,0
3555,4,4,1,1,2,0,0,0,2,0,0,0,1,0,0,0,15,0,0,0,0
3578,3,3,1,1,1,0,0,0,0,0,0,0,0,0,0,0,9,0,0,0,0
3631,4,3,1,1,1,1,0,1,1,0,0,0,0,0,0,0,13,0,0,0,0
3635,6,4,1,0,0,0,0,2,1,0,0,0,0,0,0,0,14,0,0,0,0
3650,4,4,3,1,0,0,0,0,3,0,0,0,0,0,0,0,15,0,0,0,0
3661,3,4,1,2,0,2,0,2,1,0,0,0,0,1,0,0,16,0,0,0,0
3688,5,4,2,2,0,1,2,1,1,0,0,0,0,1,0,0,19,0,0,0,0
3707,7,4,2,0,0,0,0,1,2,1,0,0,1,0,0,0,18,0,0,0,0
3727,8,6,1,1,0,0,0,0,2,0,0,0,0,0,0,0,18,0,0,0,0
3810,1,1,1,1,2,0,0,0,1,0,0,0,0,0,0,0,7,0,0,0,0
3815,2,1,1,1,0,1,0,0,1,0,0,0,0,0,0,0,7,0,0,0,0
3828,2,1,1,1,0,0,0,0,1,0,0,0,0,0,0,0,6,0,0,0,0
3829,5,0,2,1,0,0,1,0,1,0,0,0,0,0,0,0,10,0,0,0,0
3830,4,2,3,1,0,0,0,0,1,0,0,0,0,0,0,0,11,0,0,0,0
3833,1,0,1,2,0,0,0,1,1,0,0,0,0,0,0,0,6,0,0,0,0
3850,4,1,1,1,0,0,0,1,1,0,0,0,0,0,0,0,9,0,0,0,0
3855,3,2,1,1,2,0,0,0,1,0,0,0,0,0,0,0,10,0,0,0,0
3870,4,3,1,1,0,1,0,0,1,0,0,0,0,0,0,0,11,0,0,0,0
3887,2,1,1,0,0,0,1,0,2,0,0,0,0,0,0,0,7,0,0,0,0
3910,2,3,1,1,1,3,1,1,0,0,0,0,0,0,0,0,13,0,0,0,0
3929,2,1,0,1,0,0,0,0,1,0,0,0,0,0,0,0,5,0,0,0,0
3940,1,1,2,0,0,2,0,0,1,0,0,0,0,0,0,0,7,0,0,0,0
3944,3,2,1,1,0,0,0,0,2,0,0,0,0,0,0,0,9,0,0,0,0
3969,1,0,0,1,1,0,1,0,1,0,0,0,0,1,0,0,6,0,0,0,0
3976,1,0,1,1,1,0,0,0,2,0,0,0,0,0,0,0,6,0,0,0,0
4001,8,2,2,5,2,2,0,0,3,1,0,1,2,1,0,0,29,2,0,0,1
4026,3,0,1,2,2,0,0,0,1,0,0,1,1,0,0,0,11,0,0,0,1
4082,1,1,0,1,0,1,1,0,1,0,0,0,0,0,0,0,6,0,0,0,1
4129,2,1,1,3,0,0,1,1,2,0,0,1,0,0,0,0,12,0,0,0,0
4270,4,6,3,3,0,1,0,0,3,0,0,0,1,0,0,0,21,0,0,0,0
4317,2,2,1,1,0,3,1,0,2,0,0,1,0,0,0,0,13,0,0,0,0
4335,5,4,0,2,2,0,1,1,1,1,0,0,0,0,0,0,17,0,0,0,0
4762,3,1,2,4,2,0,1,0,2,1,0,0,0,0,0,0,16,0,0,0,1
4861,1,1,1,1,1,1,1,0,0,0,0,0,0,0,0,0,7,0,0,0,1
5085,3,2,3,2,0,0,1,0,1,0,0,0,3,0,0,0,15,0,0,0,1
5210,5,1,3,0,0,4,0,0,1,0,0,0,0,0,0,0,14,6,0,6,1
5211,6,5,3,0,0,6,0,0,3,0,1,1,0,0,0,0,25,0,0,0,0
5212,2,1,3,6,0,3,2,0,0,0,1,2,0,2,0,0,22,0,0,0,1
5213,8,7,4,4,2,2,1,1,1,1,0,0,0,0,0,0,31,0,0,0,1
5214,4,4,2,3,0,4,0,2,1,0,0,0,2,0,0,0,22,0,0,0,1
5216,5,5,5,3,3,2,0,1,0,0,0,0,0,0,0,0,24,1,0,0,1
5217,6,6,3,2,0,2,1,0,2,0,2,0,2,0,0,0,26,0,0,0,1
5218,8,5,3,3,2,1,0,0,0,2,0,1,2,0,0,0,27,1,0,0,1
5219,7,3,3,3,0,1,1,0,0,0,1,1,0,0,0,0,20,1,0,0,1
5220,8,7,4,0,1,2,1,0,1,0,0,1,2,0,0,0,27,2,0,0,0
5221,6,6,3,2,1,2,0,0,1,0,0,1,0,0,0,0,22,3,0,0,0
5223,8,6,2,0,2,4,0,0,1,0,0,0,0,0,0,0,23,0,0,0,1
5225,8,5,2,0,1,3,0,0,3,1,0,1,0,0,0,0,24,0,0,0,0
5226,7,3,5,1,3,1,2,0,3,1,0,0,0,0,0,0,26,0,0,0,1
5227,2,1,3,3,3,0,2,0,1,0,0,0,0,0,0,0,15,1,0,0,1
5228,6,1,3,1,1,3,2,0,1,1,0,0,0,1,0,0,20,0,0,0,1
5229,3,2,2,1,0,3,1,0,0,0,2,0,0,0,0,0,14,1,0,2,1
5232,2,3,4,1,2,5,4,3,1,0,0,0,0,0,0,0,25,0,0,0,1
5233,5,3,1,4,2,6,1,0,2,0,0,0,1,1,0,0,26,1,0,0,1
5234,4,6,6,3,1,3,1,0,0,0,0,0,0,0,0,0,24,1,1,0,1
5235,4,5,3,4,1,3,2,1,1,0,0,0,0,1,0,0,25,0,0,0,1
5236,4,7,3,4,3,6,1,0,2,0,0,0,0,0,0,0,30,0,0,0,1
5237,7,7,3,1,0,3,0,1,2,1,0,0,0,1,0,0,26,0,0,0,1
5238,9,3,2,0,0,2,0,1,2,0,0,1,0,0,0,0,20,1,0,0,1
5240,8,6,5,2,2,4,0,1,0,0,0,0,1,0,0,0,29,1,0,0,1
5241,6,3,3,3,1,3,0,0,0,0,0,1,0,0,0,0,20,2,0,2,1
5242,4,5,3,4,1,2,1,1,1,0,0,0,0,0,0,0,22,0,0,0,1
5243,7,6,5,2,0,4,1,0,1,0,0,1,0,2,0,0,29,1,0,0,1
5244,5,6,3,4,1,6,1,0,2,1,0,0,0,0,0,0,29,2,0,2,1
5245,9,4,3,1,1,3,1,1,0,0,0,1,0,0,0,0,24,1,0,0,1
5246,4,3,2,2,1,3,0,0,0,0,0,0,1,0,0,0,16,0,0,0,1
5247,7,8,3,0,3,5,0,0,1,0,0,0,0,0,0,0,27,0,0,0,0
5249,4,5,3,2,0,2,2,0,0,0,0,1,0,0,0,0,19,0,0,0,0
5250,10,3,4,1,0,6,0,0,1,0,1,0,0,0,0,0,26,0,0,0,0
5251,6,6,5,3,1,2,2,0,2,0,0,2,0,0,0,0,29,0,0,0,1
5252,5,3,2,1,0,2,4,2,1,0,0,0,0,0,0,0,20,1,0,0,1
5253,0,6,2,3,2,9,0,0,0,0,0,1,0,1,0,0,24,0,0,0,1
5254,3,3,2,2,0,1,0,0,0,0,0,0,4,0,0,0,15,0,0,0,1
5255,2,4,1,3,4,3,0,0,0,0,0,0,1,0,0,0,18,3,0,0,1
5257,4,2,1,0,0,4,0,0,3,0,0,0,0,0,0,0,14,0,0,0,1
5258,6,8,3,1,2,6,0,1,0,1,0,0,0,0,0,0,28,0,0,0,1
5260,6,4,2,0,1,3,0,0,2,0,0,1,3,0,0,0,22,0,0,0,1
5263,4,0,3,1,2,3,2,0,0,0,0,1,0,0,0,0,16,0,0,0,0
5265,7,3,4,5,1,3,1,0,1,0,0,2,0,1,0,0,28,0,0,0,1
5266,5,4,3,0,0,4,0,0,2,0,0,1,1,0,0,0,20,2,0,2,0
5267,8,5,5,3,0,3,0,0,1,0,0,0,1,0,0,0,26,0,0,0,1
5268,4,5,2,0,0,1,0,0,1,0,0,0,2,0,0,0,15,0,0,0,1
5269,10,4,5,2,0,2,3,0,0,0,0,1,1,0,0,0,28,1,0,0,1
5270,5,4,3,6,0,4,1,2,0,1,0,1,0,0,0,0,27,0,0,0,1
5271,4,8,3,1,2,3,2,0,0,0,0,0,0,3,0,0,26,0,0,0,1
5272,4,3,1,1,0,9,0,1,3,0,0,1,0,1,0,0,24,0,0,0,0
5273,9,7,1,2,0,4,1,0,0,0,0,1,0,0,0,0,25,0,0,0,1
5274,5,1,2,2,2,3,0,0,1,0,1,0,2,0,0,0,19,0,0,0,1
5275,7,3,3,2,4,4,1,1,0,1,0,0,1,1,0,0,28,0,0,0,0
5277,3,4,3,2,2,2,0,1,0,0,1,0,2,0,0,0,20,0,0,0,1
5278,4,5,2,2,0,8,0,0,3,0,0,1,0,0,0,0,25,0,0,2,1
5279,6,2,4,2,6,3,4,0,1,0,0,0,1,0,0,0,29,2,0,0,1
5280,1,1,3,3,0,6,1,0,0,0,0,0,0,0,0,0,15,1,0,0,1
5283,8,4,4,3,1,1,0,1,3,1,0,0,2,0,0,0,28,0,0,0,0
5286,7,1,4,7,1,0,1,0,1,0,1,2,0,0,0,0,25,0,0,0,1
5287,9,5,3,1,1,2,1,0,2,0,0,0,2,0,0,1,27,1,0,0,1
5288,6,6,2,3,1,0,1,2,1,0,0,0,1,0,0,0,23,0,0,0,1
5289,7,1,4,0,0,0,1,1,0,0,0,1,1,0,0,0,16,0,0,0,1
5290,9,8,5,1,1,1,1,0,3,0,0,0,1,0,0,0,30,0,0,0,0
5291,10,5,5,3,2,0,0,1,1,0,1,0,1,0,0,0,29,0,0,0,1
5292,6,1,3,2,1,0,0,0,3,0,0,0,1,2,0,0,19,0,0,0,1
5293,4,6,3,4,3,4,0,0,0,0,0,0,0,0,0,0,24,1,0,0,1
5295,6,1,4,6,8,0,0,0,1,3,0,0,0,0,0,0,29,0,0,0,1
5296,5,4,1,0,0,6,0,0,0,0,0,0,4,0,0,0,20,0,0,0,0
5297,7,10,4,0,1,0,1,2,0,0,0,1,3,0,0,0,29,2,0,0,1
5298,12,6,0,0,0,1,1,0,1,0,2,0,0,0,0,0,23,0,0,0,0
5300,7,4,3,2,2,5,1,0,0,0,0,0,0,1,0,0,25,0,0,0,1
5301,7,4,3,2,3,0,2,1,0,0,2,1,0,0,0,0,25,0,0,0,1
5302,6,4,5,4,1,3,1,2,1,0,0,0,0,1,0,0,28,0,0,0,1
5303,3,1,2,1,2,5,3,0,1,0,1,1,0,0,0,0,20,0,0,0,1
5304,5,3,0,1,0,5,0,0,2,0,0,0,0,0,0,0,16,0,0,0,0
5305,5,3,3,3,1,5,0,0,0,0,0,0,0,0,0,0,20,0,0,0,1
5306,7,3,4,3,3,2,3,0,1,2,0,1,0,0,0,0,29,0,0,0,1
5307,10,3,2,0,0,0,0,0,1,0,0,1,4,0,0,0,21,0,0,0,0
5308,6,6,3,3,1,3,0,0,1,0,0,0,1,0,0,0,24,0,0,0,0
5309,6,3,3,2,5,2,0,2,1,0,1,1,0,0,0,0,26,0,0,0,1
5310,7,6,4,5,0,2,2,0,3,0,1,0,0,0,0,0,30,0,0,0,1
5311,7,5,3,3,0,2,1,0,4,0,1,1,0,0,0,0,27,0,0,0,0
5312,8,5,4,1,2,1,2,0,4,0,1,1,1,0,0,0,30,0,0,0,1
5313,6,4,4,5,4,1,2,1,1,0,0,0,0,0,0,0,28,0,0,0,1
5314,6,2,5,8,2,0,3,1,3,0,1,0,0,0,0,0,31,0,0,0,0
5315,12,4,5,2,0,2,2,1,1,0,1,1,2,0,0,0,33,0,0,0,1
5316,11,4,6,1,5,0,1,0,1,0,2,0,3,0,0,0,34,0,0,0,1
5318,6,3,1,2,1,0,1,0,2,1,0,0,1,0,0,0,18,0,0,0,1
5319,5,6,2,2,4,1,1,1,1,1,0,0,5,0,0,0,29,1,0,0,1
5320,3,3,5,2,0,4,0,0,0,0,0,0,1,0,0,0,18,1,0,0,1
5321,9,6,4,4,2,2,0,0,3,0,0,0,0,0,0,0,30,1,0,2,1
5322,6,8,5,7,0,2,0,0,1,1,0,1,0,0,0,0,31,1,0,0,1
5323,4,3,3,5,2,6,1,0,0,0,0,2,0,1,0,0,27,6,0,0,1
5324,7,4,2,0,2,1,1,0,2,1,0,0,1,2,0,0,23,1,0,0,1
5327,4,3,5,3,4,2,5,2,1,3,1,2,0,0,0,0,35,0,0,0,1
5328,4,4,3,0,0,5,1,1,0,0,1,0,0,0,0,0,19,0,0,0,0
5330,4,1,2,0,0,3,0,0,0,0,0,0,0,0,0,0,10,0,0,0,0
5331,2,2,4,1,0,3,1,0,0,0,0,0,0,0,0,0,13,0,0,0,0
5333,5,2,3,3,2,8,1,0,0,0,2,0,1,0,0,0,27,0,0,0,1
5334,5,4,3,4,1,6,0,1,0,0,0,1,0,0,0,0,25,0,0,0,1
5335,4,1,1,0,1,3,1,0,2,0,0,0,0,0,0,0,13,0,0,0,1
5337,5,1,4,8,6,2,1,0,2,0,0,1,2,1,0,0,33,0,0,0,1
5339,7,3,3,2,2,4,2,2,1,1,1,0,0,0,0,0,28,0,0,0,0
5340,8,5,4,2,0,2,4,0,1,1,0,0,0,1,0,0,28,0,0,0,1
5341,9,6,4,2,0,3,0,1,0,1,1,0,0,2,0,1,30,3,0,0,0
5342,5,7,6,4,1,4,0,2,1,1,1,1,0,0,0,0,33,0,0,0,1
5343,7,4,4,6,2,3,0,1,0,1,0,0,1,1,0,0,30,1,0,0,1
5344,6,4,3,1,1,3,1,3,1,2,0,0,2,0,0,0,27,0,0,0,1
5345,2,1,2,2,1,2,0,0,1,0,0,1,0,0,0,0,12,0,0,0,1
5346,9,6,4,3,2,4,2,0,0,0,0,0,0,0,0,0,30,0,0,0,1
5347,5,2,2,1,0,3,1,0,1,0,0,0,0,0,0,0,15,0,0,0,1
5348,3,6,4,0,0,3,2,0,0,0,1,0,0,0,0,0,19,0,0,0,0
5349,7,8,3,0,0,5,2,0,1,0,0,1,2,0,0,0,29,0,0,0,1
5350,7,8,3,3,2,2,2,0,0,0,0,0,0,1,0,0,28,0,0,0,1
5351,8,2,4,3,2,5,0,0,1,0,0,0,1,0,0,0,26,0,0,0,1
5352,2,3,2,0,0,4,0,0,1,0,1,0,0,0,0,0,13,0,0,0,0
5353,7,6,4,5,1,2,0,0,2,0,0,1,1,1,0,0,30,0,0,0,1
5354,3,3,4,2,2,3,0,1,3,1,1,0,0,0,0,0,23,0,0,0,1
5355,9,6,2,3,2,2,1,1,1,0,0,0,1,0,0,0,28,0,0,0,0
5356,5,2,2,4,1,2,0,1,3,1,0,1,1,2,0,0,25,0,0,0,1
5357,7,0,0,0,0,4,0,0,1,0,0,0,3,0,0,0,15,0,0,0,1
5358,4,3,4,1,0,5,0,0,2,1,1,0,0,1,0,0,22,0,0,0,1
5359,3,2,2,2,0,2,0,0,0,0,0,0,0,0,0,0,11,0,0,0,1
5360,7,5,3,2,0,2,1,2,1,0,0,0,1,0,0,0,24,0,0,0,1
5361,9,6,5,3,2,2,3,0,1,1,0,0,0,0,0,0,32,0,0,0,1
5363,4,2,1,3,1,2,0,1,1,0,0,0,0,1,0,0,16,0,0,0,1
5364,3,5,5,4,4,6,2,0,1,0,0,0,0,1,0,0,31,0,0,0,1
5365,7,5,3,6,4,2,2,0,0,0,0,1,0,0,0,0,30,0,0,0,1
5366,7,8,3,3,0,2,1,1,2,2,0,0,1,0,0,0,30,0,0,0,1
5367,8,3,4,3,3,3,1,1,0,1,2,2,1,0,0,0,32,0,0,0,1
5368,10,5,4,7,1,1,1,2,0,2,0,1,0,0,0,0,34,0,0,0,1
5369,8,5,4,4,2,1,1,1,0,0,0,1,2,0,0,0,29,0,0,0,1
5370,6,4,4,6,0,1,0,0,1,2,0,0,4,0,0,0,28,0,0,0,1
5371,3,2,3,2,2,5,3,2,0,0,1,0,0,0,0,0,23,0,0,0,1
5372,3,3,4,0,0,10,0,0,7,0,1,0,0,0,0,0,28,7,1,0,1
5373,6,4,4,3,3,3,5,0,1,1,0,1,2,0,0,0,33,0,0,0,1
5374,6,6,4,0,1,4,1,0,3,0,0,1,0,0,0,0,26,0,0,0,1
5375,8,4,3,4,1,3,1,2,0,0,1,1,0,0,0,0,28,0,0,0,1
5376,3,2,0,1,0,0,0,1,2,0,1,0,0,0,0,0,10,1,0,0,1
5377,7,3,2,1,1,0,2,1,0,1,0,0,0,0,0,0,18,2,0,0,1
5379,6,6,3,3,2,3,0,1,1,0,0,0,1,1,0,0,27,2,0,0,1
5381,8,5,1,0,0,1,0,0,2,0,0,2,1,1,0,0,21,0,0,0,0
5382,4,3,2,3,1,4,0,1,0,0,1,1,1,1,0,0,22,1,0,0,1
5383,4,3,1,0,0,9,0,0,0,0,1,0,1,1,0,0,20,0,0,0,1
5384,6,2,2,4,2,4,1,0,1,1,0,1,0,0,0,0,24,0,0,0,1
5385,3,5,2,1,2,6,1,0,0,0,1,0,0,0,0,0,21,0,0,0,1
5387,3,1,1,2,0,5,2,1,2,1,0,0,0,1,0,0,19,0,0,0,1
5388,6,3,5,6,2,1,0,0,0,1,1,0,0,0,0,0,25,0,0,0,1
5389,7,2,3,4,2,1,1,1,2,0,0,1,0,0,0,0,24,0,0,0,1
5390,7,4,5,2,1,3,1,0,0,2,0,1,2,1,0,0,29,0,0,0,0
5391,11,6,4,0,3,1,2,1,4,0,0,0,0,0,0,0,32,0,0,0,1
5392,5,7,2,0,1,5,0,0,1,0,0,1,0,0,0,0,22,0,0,0,1
5393,3,3,2,1,1,2,2,0,0,0,1,0,0,0,0,0,15,0,0,0,1
5394,8,7,4,0,0,4,1,2,0,0,1,0,0,0,0,0,27,0,0,0,1
5396,9,3,2,3,0,2,1,0,0,0,0,0,2,0,0,0,22,0,0,0,0
5397,6,6,2,1,1,3,1,0,4,0,0,1,1,0,0,0,26,0,0,0,1
5399,3,6,3,4,5,7,1,0,1,0,0,2,0,0,0,0,32,1,0,0,1
5400,6,2,0,1,0,1,1,2,0,0,0,0,0,0,0,0,13,0,0,0,1
5401,8,7,3,1,1,2,0,1,3,0,0,0,0,1,0,0,27,1,0,0,0
5402,6,4,4,2,0,0,0,2,0,0,0,0,0,0,0,0,18,0,0,0,1
5403,6,4,3,1,1,0,0,0,1,0,0,1,0,0,0,0,17,0,0,0,1
5404,5,5,2,1,0,6,0,1,0,0,0,0,0,0,0,0,20,0,0,0,0
5405,6,3,4,3,5,0,0,1,0,0,0,0,0,0,0,0,22,0,0,0,1
5406,11,5,5,3,2,0,1,0,1,0,0,2,1,0,0,0,31,0,0,0,1
5407,5,3,2,3,0,0,2,2,1,0,0,0,0,0,0,0,18,0,0,0,0
5409,2,1,1,0,0,4,0,0,1,0,0,0,0,0,0,0,9,0,0,0,0
5410,4,2,1,0,0,2,0,0,0,0,0,0,0,1,0,0,10,0,0,0,0
5411,3,4,5,3,2,3,0,1,1,0,0,0,0,1,0,0,23,0,0,0,1
5412,6,4,3,1,5,2,2,3,0,0,1,0,0,1,0,0,28,0,0,0,1
5413,2,4,2,3,1,5,1,0,2,0,0,1,0,0,0,0,21,2,0,0,0
5414,5,5,0,4,2,4,0,0,0,1,1,0,1,0,0,0,23,0,0,0,1
5415,5,4,4,1,0,5,0,0,0,0,0,0,1,0,0,0,20,0,0,0,0
5417,7,7,3,3,2,0,1,1,2,0,0,0,2,0,0,0,28,0,0,0,1
5418,2,3,3,3,2,6,1,0,0,0,1,0,0,2,0,0,23,0,0,0,1
5419,3,4,4,2,4,9,0,0,0,0,0,1,0,0,0,0,27,0,0,0,1
5420,4,0,3,3,2,3,1,1,1,0,1,1,0,0,0,0,20,0,0,0,1
5421,3,5,2,2,1,6,0,1,1,1,0,0,0,0,0,0,22,0,0,0,1
5424,11,6,3,3,2,1,1,0,3,0,0,0,1,0,0,0,31,1,0,0,1
5425,6,4,1,0,0,5,0,0,3,0,0,0,0,0,0,0,19,0,0,0,0
5426,6,5,1,0,1,3,0,0,6,0,0,0,0,0,0,0,22,0,0,0,0
5427,9,8,1,0,1,3,0,0,2,0,1,0,0,0,0,0,25,1,0,0,0
5428,9,6,5,1,2,1,0,1,0,0,0,0,1,0,0,0,26,0,0,0,1
5429,4,5,3,4,1,5,1,0,0,0,0,0,1,0,0,0,24,0,0,0,1
5431,2,4,2,2,0,5,1,0,1,0,0,0,0,0,0,0,17,0,0,0,1
5432,6,4,4,3,3,6,1,1,0,0,0,1,0,0,0,0,29,1,0,0,1
5433,2,4,2,0,0,5,0,0,0,0,0,0,0,0,0,0,13,1,0,0,0
5435,9,6,3,4,0,2,0,0,0,0,0,1,0,0,0,0,25,0,0,0,0
5436,6,5,4,4,4,2,0,0,2,0,0,0,1,0,0,0,28,0,0,0,1
5437,4,8,3,0,0,2,1,1,2,0,0,1,0,1,0,0,23,0,0,0,1
5438,7,5,3,0,0,0,0,0,1,0,0,0,0,1,0,0,17,0,0,0,0
5439,6,1,3,2,2,5,0,1,0,0,1,0,0,1,0,0,22,0,0,0,1
5440,3,4,2,0,0,3,0,0,0,0,0,0,0,0,0,0,12,1,0,0,0
5441,1,2,0,0,0,6,0,0,0,0,0,1,0,0,0,0,10,0,0,0,0
5443,7,3,4,1,2,6,0,0,0,0,1,0,0,0,0,0,24,0,0,0,1
5444,5,4,2,1,2,2,0,0,0,2,1,0,1,0,0,0,20,0,0,0,1
5445,4,3,3,1,0,4,1,0,1,0,0,0,0,0,0,0,17,0,0,0,1
5446,7,2,4,2,1,3,2,2,0,1,2,0,0,0,0,0,26,3,0,0,1
5447,5,6,3,0,0,4,0,0,1,0,0,0,0,0,0,0,19,0,0,0,0
5448,8,4,3,2,1,3,1,1,3,0,1,0,0,0,0,0,27,0,0,0,1
5449,6,4,2,3,4,1,0,2,0,0,0,0,0,0,0,0,22,0,0,0,1
5450,7,4,3,3,0,5,3,0,1,1,1,1,1,0,0,0,30,0,0,0,1
5451,0,3,2,2,0,7,1,0,1,1,2,0,0,1,0,0,20,0,0,0,1
5452,5,2,4,4,1,3,1,1,1,1,1,1,0,1,0,0,26,0,0,0,1
5453,6,5,0,1,1,6,1,0,2,0,0,0,1,0,0,0,23,0,0,0,0
5454,4,5,5,3,5,2,0,1,1,0,0,0,0,0,0,0,26,0,0,0,0
5455,4,2,2,1,1,8,1,0,1,0,0,2,0,0,0,0,22,0,0,0,1
5456,5,4,4,4,4,3,2,1,1,0,1,0,0,0,0,0,29,0,0,0,1
5457,0,0,0,0,0,12,0,0,0,0,0,0,0,0,0,0,12,0,0,2,1
5459,4,5,1,1,0,2,0,0,0,0,0,0,0,0,0,0,13,0,0,0,0
5460,6,4,2,5,3,1,1,0,2,1,0,0,0,0,0,0,25,0,0,0,1
5461,5,4,1,2,1,2,0,0,3,0,0,0,1,0,0,0,19,1,0,0,0
5462,5,4,3,2,1,8,0,1,0,2,1,0,1,0,0,0,28,4,0,0,1
5463,6,3,0,1,0,2,1,1,1,0,0,0,1,0,0,0,16,1,0,0,1
5464,3,6,1,0,0,12,0,1,2,0,0,0,0,0,0,0,25,0,0,0,0
5465,5,3,3,2,1,6,0,1,0,3,1,0,1,0,0,0,26,3,0,0,1
5466,5,8,2,1,1,4,0,0,2,2,2,0,2,0,0,0,29,1,0,0,1
5467,5,4,2,0,0,2,0,0,3,0,0,0,0,0,0,0,16,0,0,0,0
5468,4,3,3,0,1,3,0,0,0,0,1,0,0,0,0,0,15,0,0,0,0
5470,8,2,2,2,0,0,0,0,0,1,0,0,0,0,0,1,16,0,0,0,0
5471,7,1,1,1,2,1,1,0,1,0,0,2,1,0,0,0,18,0,0,0,0
5473,6,2,5,3,0,0,1,2,1,0,0,1,0,0,0,0,21,0,0,0,1
5474,10,8,1,0,0,2,0,0,0,0,0,0,0,0,0,0,21,0,0,0,0
5475,6,4,2,1,1,5,0,0,3,0,0,2,0,0,0,0,24,1,0,0,0
5476,5,3,2,2,1,1,1,2,0,0,1,0,1,0,0,0,19,0,0,0,1
5477,7,3,2,2,1,2,1,0,0,0,0,0,1,0,0,0,19,0,0,0,1
5478,14,4,7,3,4,1,2,1,1,0,0,0,0,1,0,0,38,0,0,0,1
5479,4,1,5,2,3,0,2,1,2,2,0,0,0,0,0,0,22,0,0,0,1
5480,5,4,5,1,4,0,1,1,1,0,0,0,0,0,0,0,22,0,0,0,1
5481,3,3,3,4,5,0,0,0,1,1,0,0,0,0,0,0,20,0,0,0,1
5482,2,1,4,5,4,0,1,1,1,0,0,0,0,0,0,1,20,0,0,0,1
5483,4,3,5,9,4,0,2,0,0,0,0,0,0,1,0,0,28,0,0,0,1
5484,3,2,3,3,3,1,2,2,1,0,0,0,1,0,0,0,21,0,0,0,1
5485,7,4,4,4,3,0,1,0,0,1,0,0,0,0,0,0,24,0,0,0,1
5486,8,1,4,7,1,0,1,0,0,0,0,1,0,0,0,0,23,0,0,0,1
5487,6,4,3,3,3,0,3,1,0,0,0,0,0,1,0,0,24,0,0,0,1
5488,5,2,6,2,3,0,1,1,0,0,0,0,0,0,0,0,20,0,0,0,1
5489,8,0,4,2,1,0,0,1,0,0,0,0,0,0,0,0,16,0,0,0,1
5490,4,2,4,1,5,0,1,1,2,0,0,0,0,0,0,0,20,0,0,0,1
5491,8,4,3,8,2,0,4,4,0,0,0,1,0,0,0,0,34,0,0,0,1
5492,8,9,4,3,1,3,1,0,2,1,0,0,0,3,0,0,35,0,0,0,1
5493,10,3,14,6,13,0,7,2,0,0,1,1,0,0,0,0,57,0,0,0,1
5494,11,4,4,4,10,0,0,2,3,0,0,1,0,0,0,0,39,0,0,0,1
5495,3,9,2,2,1,6,0,0,2,0,0,1,1,0,0,0,27,0,0,0,1
5496,6,3,3,2,5,2,0,0,3,0,1,0,0,1,0,0,26,0,0,0,1
5497,10,6,4,1,3,0,1,1,3,0,1,1,0,0,0,0,31,0,0,0,1
5498,13,3,4,1,2,1,1,0,2,0,0,0,0,0,0,0,27,0,0,0,1
5499,5,3,3,2,0,4,0,1,0,3,0,1,1,0,0,0,23,1,0,0,1
5500,8,6,4,5,2,4,1,1,1,3,0,1,0,0,0,0,36,0,0,0,1
5501,4,3,5,2,1,4,1,1,1,2,0,1,0,0,0,0,25,0,0,0,1
5502,4,2,3,4,4,1,3,1,0,1,0,0,0,0,0,0,23,0,0,0,1
5503,3,0,4,1,4,0,1,1,1,1,0,0,0,0,0,0,16,0,1,2,1
5504,20,5,5,9,8,0,2,1,2,3,5,2,0,0,0,0,62,5,0,0,1
5505,6,5,2,1,3,3,0,1,0,2,0,0,2,0,0,0,25,0,0,0,1
5506,5,2,2,2,0,0,0,2,0,0,0,0,0,0,0,0,13,0,0,0,1
5507,6,4,1,1,1,2,0,1,2,0,1,1,0,1,0,0,21,0,0,0,1
5508,5,5,2,1,5,2,0,0,2,0,2,0,0,0,0,0,24,0,0,0,1
5509,6,6,6,0,2,2,0,0,0,0,0,1,0,0,0,0,23,0,0,0,1
5510,1,0,3,7,5,0,1,0,3,0,0,0,0,1,0,0,21,1,0,2,1
5511,9,7,3,2,0,0,1,5,0,0,0,2,0,0,0,0,29,0,0,0,1
5512,7,4,2,1,2,0,0,2,2,0,0,0,0,0,0,0,20,0,1,0,1
5513,2,1,2,3,3,0,1,0,0,0,1,0,0,0,0,0,13,0,0,0,1
5514,3,0,3,4,1,2,2,2,2,1,1,0,0,0,0,0,21,2,0,0,1
5515,7,3,3,5,2,5,2,1,1,1,1,0,0,0,0,0,31,0,0,2,1
5516,5,2,3,2,2,1,1,0,0,1,1,0,0,0,0,0,18,0,0,0,1
5517,5,1,6,4,1,1,3,0,0,0,0,0,0,5,1,0,27,0,0,0,1
5518,4,1,3,3,0,0,2,0,0,1,1,0,0,0,0,0,15,0,0,0,1
5519,7,4,2,1,3,0,1,0,0,0,0,1,0,0,0,0,19,0,0,0,1
5520,5,4,2,2,2,0,0,0,2,0,1,0,0,1,0,0,19,0,0,0,1
5521,2,0,2,4,1,3,0,1,1,0,0,0,1,1,0,0,16,0,0,0,1
5522,4,1,1,1,1,3,0,0,1,0,0,0,1,0,0,0,13,1,0,0,1
5523,3,1,1,0,1,3,1,1,0,0,0,0,1,0,0,0,12,0,0,0,1
5524,3,5,2,2,1,4,1,2,0,0,0,0,0,0,0,0,20,0,0,0,1
5525,3,2,4,1,1,0,1,0,0,0,0,0,0,0,0,0,12,0,1,2,1
5526,6,6,4,2,3,0,2,0,0,0,0,1,0,0,0,0,24,2,0,0,1
5527,4,3,3,5,1,1,1,1,0,0,1,0,0,1,0,0,21,1,0,0,1
5528,8,3,3,5,6,0,2,0,0,0,1,3,0,0,0,0,31,0,0,0,0
5530,5,8,1,2,0,4,0,0,1,0,0,0,0,0,0,0,21,0,0,0,1
5531,5,4,3,2,5,1,2,0,0,0,0,1,1,0,0,0,24,0,0,0,1
5533,5,3,4,3,0,0,3,0,0,2,2,0,1,0,0,0,23,0,1,0,1
5534,3,2,2,3,2,5,0,0,2,2,0,1,1,0,0,0,23,0,0,0,1
5535,5,5,4,3,3,3,1,0,1,2,0,0,0,0,0,0,27,0,0,0,1
5536,7,4,2,4,0,1,0,0,1,0,2,0,0,1,0,0,22,1,0,0,1
5537,4,4,2,2,2,2,0,0,1,0,0,0,0,0,0,0,17,0,0,0,1
5538,9,5,3,1,0,4,0,0,1,0,0,1,0,0,0,0,24,0,0,0,1
5539,9,7,3,1,1,0,2,1,0,0,1,0,0,1,0,0,26,0,0,0,1
5540,5,3,5,2,1,3,1,1,0,1,0,0,0,1,0,0,23,0,0,0,1
5541,6,5,0,1,0,1,0,0,0,0,1,0,0,0,0,0,14,0,0,0,1
5542,9,3,3,3,0,3,0,0,0,1,0,0,1,0,0,0,23,0,0,0,1
5543,1,2,1,0,2,2,2,0,0,0,1,0,0,0,0,0,11,0,0,0,1
5544,3,4,2,0,4,5,0,1,2,0,0,1,0,0,0,0,22,0,0,0,1
5545,6,6,2,2,3,1,0,2,1,0,1,1,0,0,0,0,25,0,0,0,1
5546,8,4,2,0,0,6,0,0,1,0,0,1,1,0,0,0,23,0,0,0,0
5547,1,1,1,0,0,2,2,0,0,0,2,0,0,1,1,0,11,2,0,0,1
5548,5,4,3,4,0,5,3,0,0,0,1,0,0,0,0,0,25,0,1,0,1
5549,2,1,2,0,2,0,0,0,0,2,0,0,0,0,0,0,9,0,0,0,0
5550,7,6,2,1,2,5,0,0,0,0,1,1,2,0,0,0,27,0,0,0,1
5552,9,5,1,0,0,2,1,0,1,0,0,0,0,1,0,0,20,0,0,0,1
5553,9,1,1,1,0,2,2,0,3,0,0,0,1,0,0,0,20,0,0,0,1
5554,8,7,2,1,1,1,1,3,1,0,0,0,0,1,0,0,26,0,0,0,0
5555,4,5,3,3,3,0,1,0,1,1,2,1,1,0,0,0,25,0,0,0,0
5556,8,3,2,2,4,1,0,0,0,0,0,0,0,0,0,0,20,0,1,0,1
5557,5,1,3,3,1,0,1,1,3,2,1,1,0,0,0,0,22,0,0,0,0
5558,6,4,1,1,4,3,5,1,0,0,0,0,0,0,0,0,25,0,0,0,1
5559,2,1,1,0,0,3,0,1,0,0,1,1,1,0,0,0,11,0,1,0,1
5560,2,3,2,1,0,8,0,0,0,0,0,0,1,1,0,0,18,1,0,0,0
5561,3,4,3,2,4,2,3,0,2,1,0,0,0,0,0,0,24,0,0,0,1
5563,5,6,2,2,0,3,1,0,1,0,0,0,0,0,0,0,20,0,0,0,0
5564,6,1,2,0,2,0,0,2,2,0,1,0,1,1,0,0,18,0,0,0,1
5565,4,4,4,3,1,0,1,0,1,0,1,0,0,0,0,0,19,0,0,0,1
5566,6,2,3,2,6,0,1,1,1,2,0,0,0,0,0,0,24,0,0,0,1
5567,4,2,3,3,2,0,2,0,0,0,1,0,0,1,0,0,18,0,0,0,1
5568,2,2,5,5,3,0,0,0,0,1,2,1,0,0,0,0,21,0,0,0,1
5569,21,7,9,6,7,2,6,0,4,0,0,2,1,0,0,0,65,0,0,0,1
5570,8,6,4,3,4,1,1,2,4,2,0,0,0,0,0,0,35,0,0,0,1
5571,7,9,10,4,4,4,6,0,1,3,1,2,0,0,0,0,51,0,0,0,1
5572,13,3,5,10,5,0,8,5,3,0,0,4,1,1,0,0,58,0,0,0,1
5573,8,1,4,1,2,0,2,2,1,0,1,0,1,0,0,0,23,0,0,0,1
5574,9,4,2,4,3,0,1,0,2,2,0,0,2,1,0,0,30,0,0,0,1
5575,10,8,7,5,4,0,2,2,2,2,2,1,0,0,0,0,45,0,0,0,1
5576,12,4,7,6,4,0,5,2,0,4,0,1,0,0,0,0,45,0,0,0,1
5577,2,0,2,2,1,0,2,3,0,0,0,0,0,0,0,0,12,0,0,0,1
5578,8,2,4,7,2,0,1,1,1,0,0,0,0,0,0,0,26,0,0,0,1
5579,20,8,7,9,7,0,4,3,2,4,1,6,0,1,0,0,72,0,0,0,1
5580,6,3,4,2,7,0,3,1,1,0,0,1,0,1,0,1,30,0,0,0,1
5581,2,2,2,0,4,0,0,0,0,0,1,0,0,0,0,0,11,0,2,0,0
5582,7,6,4,3,4,0,0,2,2,0,0,0,0,0,0,0,28,0,0,0,0
5583,2,0,4,2,6,0,2,1,0,0,1,0,0,0,0,0,18,0,0,0,0
5585,7,5,5,4,1,2,1,0,0,0,0,1,2,1,0,0,29,0,1,0,1
5586,7,4,2,5,1,1,2,1,2,0,0,0,1,1,0,0,27,0,0,0,1
5587,5,9,4,3,1,5,3,1,1,1,0,0,0,0,0,0,33,0,0,0,1
5589,1,2,1,2,0,6,0,0,1,0,0,1,3,0,0,0,17,0,0,0,1
5590,8,3,3,3,3,0,0,1,1,2,0,0,0,0,0,0,24,0,0,0,0
5591,5,7,2,5,7,3,0,0,3,2,1,1,0,1,0,0,37,0,2,0,1
5592,10,9,8,5,6,2,1,3,3,2,0,2,1,0,0,0,52,0,3,0,1
5593,4,3,3,3,1,2,0,1,2,0,0,0,0,0,0,0,19,3,0,3,0
5594,4,1,4,4,6,0,1,1,1,1,0,0,0,0,1,0,24,0,2,0,0
5596,1,0,2,0,2,0,1,0,0,1,0,0,0,0,0,0,7,0,2,0,1
5602,2,0,1,1,4,0,2,1,0,0,0,0,0,2,0,0,13,0,1,0,0
5604,12,4,4,0,0,0,2,0,1,0,1,1,1,0,0,0,26,0,0,0,0
5605,3,0,2,3,2,0,3,2,1,0,0,0,0,0,0,0,16,0,4,0,0
5606,1,0,2,2,0,0,1,0,0,0,0,1,0,0,0,0,7,0,2,0,0
5609,9,5,8,6,3,6,1,0,2,1,0,0,0,0,0,0,41,0,2,0,1
5610,2,4,3,0,2,5,1,1,1,1,1,0,0,2,0,0,23,0,1,0,0
5611,4,5,3,7,4,3,2,0,0,1,0,0,0,0,0,0,29,0,5,0,1
5612,5,6,3,4,3,1,1,2,1,0,0,0,0,1,0,0,27,0,1,0,1
5613,8,3,2,6,5,2,1,1,2,0,0,0,0,0,0,0,30,0,1,0,0
5615,2,2,1,0,0,1,0,1,0,0,0,0,0,1,0,0,8,0,0,0,0
5617,3,2,1,1,0,0,1,0,0,0,0,0,0,0,0,0,8,0,1,0,0
5619,4,3,3,1,2,0,1,0,0,0,0,0,0,0,0,0,14,0,2,0,0
5620,5,3,1,2,4,0,0,0,2,0,0,0,1,0,0,0,18,0,1,0,1
5621,3,4,3,1,4,4,1,0,0,0,0,0,0,0,0,0,20,2,1,0,1
5622,8,3,4,4,1,0,1,1,3,0,0,0,1,0,0,0,26,0,0,0,0
5623,3,4,3,3,1,3,1,0,0,0,0,0,0,0,0,0,18,0,2,0,1
5624,3,2,1,1,0,0,0,1,1,0,0,0,0,1,0,0,10,0,1,0,1
5625,6,5,0,1,1,0,0,1,0,0,0,0,2,0,0,0,16,0,1,0,0
5626,2,3,2,5,0,3,2,0,1,1,1,0,0,0,0,0,20,1,1,0,1
5628,4,3,1,1,4,1,2,0,0,1,1,0,0,0,0,0,18,0,2,0,1
5629,7,3,2,2,1,4,0,0,2,0,0,0,1,0,0,0,22,0,3,2,0
5630,6,6,1,2,1,0,1,0,2,2,1,0,0,1,0,0,23,0,0,0,0
5632,3,2,2,0,1,1,1,0,0,0,0,0,0,0,0,0,10,0,1,0,0
5633,6,2,4,3,2,2,0,0,1,0,0,0,0,0,0,0,20,0,0,0,0
5634,3,0,2,1,2,0,1,0,0,0,0,1,0,0,0,0,10,0,1,0,0
5635,6,5,3,4,0,4,1,2,1,0,0,0,0,1,0,0,27,0,0,0,0
5636,1,0,1,1,0,0,1,0,1,0,0,0,0,1,0,0,6,0,1,0,0
5638,7,3,2,2,1,1,2,1,1,1,0,0,0,0,0,0,21,0,0,0,0
5643,7,7,7,9,7,10,2,2,3,0,0,2,0,1,0,0,57,0,2,0,0
5680,7,6,5,2,1,4,1,1,1,1,2,1,1,0,0,1,34,0,0,0,0
5682,1,0,0,1,2,0,0,0,1,0,0,0,0,0,0,0,5,0,0,0,0
5692,4,2,1,2,1,1,1,1,2,0,0,1,0,0,0,0,16,0,0,0,1
5699,16,11,7,5,1,7,2,1,1,0,0,2,0,0,0,0,53,2,0,0,0
5703,3,5,4,3,1,5,2,0,0,0,1,0,3,1,0,0,28,1,0,0,0
5731,5,3,4,2,2,3,0,1,1,0,0,0,0,0,0,0,21,0,1,0,1
5734,6,5,4,1,1,6,0,0,0,0,0,0,0,0,0,0,23,1,0,0,1
5736,0,4,4,5,0,3,0,0,0,0,0,1,0,0,0,0,17,1,0,0,1
5751,5,3,1,4,3,0,0,1,1,0,0,0,0,0,0,0,18,0,1,0,0
5755,5,2,1,3,0,0,0,2,1,1,1,0,0,0,0,0,16,0,0,0,0
5770,8,5,4,2,3,0,0,0,1,0,0,2,0,0,0,0,25,0,1,0,0
5772,2,2,2,0,0,1,0,0,1,0,1,0,0,0,0,0,9,1,0,0,0
5785,3,1,1,2,5,0,0,0,0,0,1,0,1,0,0,0,14,1,2,0,1
5786,5,3,2,1,1,0,1,0,1,0,1,0,1,0,0,0,16,0,3,0,1
5787,4,1,1,3,4,0,1,0,3,0,1,1,0,1,0,0,20,0,0,0,0
5795,6,3,1,1,0,0,2,0,1,0,0,1,1,2,0,0,18,0,0,0,0
5798,4,5,2,2,1,6,0,1,2,0,0,1,0,0,0,0,24,0,1,0,0
5800,2,4,2,2,0,4,0,1,1,0,0,0,0,0,0,0,16,0,1,0,0
5801,8,5,1,1,3,1,1,0,0,1,2,0,0,0,0,0,23,0,1,0,0
5805,8,5,1,2,1,1,0,1,2,0,0,1,2,0,0,0,24,0,0,0,0
5806,6,4,2,2,0,0,0,0,1,0,1,0,1,0,0,0,17,1,0,0,0
5814,6,4,4,3,9,0,4,0,1,0,0,0,0,0,0,0,31,0,1,0,0
5815,3,3,4,3,1,1,2,0,0,1,1,1,2,2,0,0,24,0,0,0,0
5816,2,2,1,3,0,4,4,0,1,0,1,0,0,0,0,0,18,0,1,0,1
5817,8,1,0,4,1,0,0,5,1,0,0,0,0,0,0,0,20,0,0,0,0
5822,4,4,5,3,3,0,2,2,3,0,0,0,0,0,0,0,26,0,0,0,0
5826,4,1,3,2,3,0,0,0,2,0,0,1,1,1,0,0,18,0,1,0,0
5835,4,4,5,3,3,1,2,0,3,3,0,0,0,0,0,0,28,0,0,0,0
5837,6,3,2,4,3,1,2,2,0,0,0,0,0,0,0,0,23,0,0,0,1
5846,2,2,2,2,2,3,2,0,1,0,0,0,0,0,0,0,16,0,0,0,0
5876,6,7,4,5,5,0,1,2,0,0,0,0,1,0,0,0,31,0,0,0,0
5877,0,1,4,1,10,1,5,0,0,0,0,0,0,0,0,0,22,0,1,0,0
5886,1,2,2,4,2,2,0,0,0,0,0,0,0,0,0,0,13,0,0,0,0
5904,5,0,1,2,0,0,1,0,1,0,0,0,0,0,0,0,10,0,0,0,0
5910,6,3,1,2,1,1,3,3,0,0,0,0,0,0,0,0,20,0,0,0,0
5915,5,3,2,3,2,1,0,2,1,1,0,0,0,0,0,0,20,1,0,0,0
5919,4,1,2,5,1,0,0,0,3,0,0,2,1,1,0,0,20,1,0,0,0
5924,6,3,5,3,6,1,3,4,1,0,0,1,0,1,0,0,34,0,0,0,0
5927,7,1,3,4,3,0,0,3,3,0,0,1,0,0,0,0,25,0,0,0,0
5929,2,1,1,2,1,0,0,1,1,0,0,0,0,0,0,0,9,0,0,0,0
5944,4,3,3,3,3,4,0,0,1,0,0,0,0,1,0,0,22,0,1,0,1
5957,3,2,2,3,2,2,3,1,0,0,0,0,0,0,0,0,18,0,0,0,0
5959,0,2,1,1,1,3,5,0,0,0,0,1,0,0,0,0,14,0,0,0,0
5962,3,2,2,0,0,2,1,1,0,0,0,0,0,0,0,0,11,0,0,0,0
5965,5,4,0,0,0,6,0,0,2,0,0,0,0,0,0,0,17,1,0,0,0
5972,4,6,3,0,0,8,1,0,3,0,0,0,0,0,0,0,25,0,0,0,0
5974,1,1,0,1,0,0,1,2,0,0,0,0,2,0,0,0,8,0,0,0,0
5976,3,1,2,2,0,0,0,0,1,0,0,0,0,3,0,0,12,0,0,0,0
5977,1,0,2,1,2,0,0,0,1,0,1,1,0,2,0,0,11,0,0,0,0
5980,2,1,2,0,0,0,0,0,1,0,0,0,0,0,0,0,6,1,0,0,0
5984,5,7,2,0,0,5,1,0,3,0,0,0,0,0,0,0,23,0,0,0,0
5988,5,3,2,2,0,3,2,1,1,0,0,0,0,0,0,0,19,2,0,2,0
5990,5,4,2,1,0,1,0,0,2,0,0,0,0,0,0,0,15,2,0,2,0
5997,5,4,1,0,0,3,0,0,0,0,0,0,0,0,0,0,13,2,0,2,0
6002,2,2,1,1,1,3,0,0,1,0,0,0,0,1,0,0,12,0,0,0,0
6004,2,4,0,0,0,1,1,0,2,0,0,0,0,1,0,0,11,0,2,0,0
6013,3,1,3,0,0,0,0,0,0,0,0,0,0,0,0,0,7,1,0,0,1
6022,1,2,2,0,0,4,0,0,0,0,0,0,0,0,0,0,9,1,0,0,0
6023,3,5,2,0,0,5,0,0,1,0,0,0,0,0,0,0,16,0,0,0,0
6034,3,6,1,0,0,2,0,0,0,0,1,0,0,0,0,0,13,0,0,0,0
6039,2,2,1,0,0,2,0,0,1,0,0,0,0,0,0,0,8,0,0,0,0
6040,1,1,2,2,3,0,0,0,1,0,0,0,0,2,0,0,12,0,0,0,0
6041,4,2,0,0,0,2,0,0,0,0,0,0,0,0,0,0,8,1,0,0,0
6056,4,1,1,0,0,1,0,0,2,0,1,0,0,0,0,0,10,0,0,0,0
6057,2,3,0,1,0,1,1,0,0,0,2,0,0,0,0,0,10,1,0,0,0
6066,2,1,1,0,1,0,0,0,0,0,0,0,0,1,0,0,6,0,0,0,0
6096,12,7,9,6,1,5,1,2,1,1,0,0,2,2,0,0,49,0,0,0,1
6097,1,0,1,0,2,2,0,0,0,0,0,0,0,0,0,0,6,0,0,0,0
6101,15,7,5,6,2,3,0,3,4,0,0,2,1,1,0,0,49,1,0,0,0
6108,13,9,10,4,2,2,2,0,2,4,0,0,0,1,0,0,49,3,0,3,0
6110,10,15,5,4,0,14,1,0,3,0,0,1,0,0,0,0,53,2,0,2,0
6136,2,1,2,2,0,5,0,0,0,0,0,0,0,0,0,1,13,0,0,0,0
6177,1,0,1,0,1,0,0,0,0,0,0,0,0,0,0,0,3,0,1,0,0
6195,11,10,7,11,2,4,0,1,1,1,0,0,2,0,0,1,51,3,0,3,0
6280,6,3,2,4,1,1,1,1,1,0,0,0,0,0,0,0,20,0,1,0,1
6281,11,7,5,8,6,6,4,2,2,2,0,3,0,1,0,0,57,0,1,0,0
6282,3,2,3,5,2,1,1,1,0,0,0,0,0,1,0,0,19,0,1,0,0
6285,8,8,0,4,2,2,1,2,0,0,0,0,0,0,0,0,27,0,0,0,1
6286,5,3,2,2,3,1,0,0,3,1,1,0,0,0,0,0,21,0,0,0,0
6287,3,3,3,1,3,0,2,0,0,0,0,0,0,0,0,0,15,0,2,0,0
6288,7,3,6,6,5,0,4,1,3,2,0,1,0,2,0,0,40,0,0,0,0
6290,2,2,2,4,2,1,0,0,0,0,0,0,0,1,0,0,14,0,1,0,0
6291,3,3,1,3,2,0,3,1,0,0,0,0,0,0,0,0,16,0,1,0,0
6307,5,4,2,5,0,1,0,0,1,0,0,1,2,0,0,0,21,0,1,0,1
6318,8,6,2,2,1,1,2,1,0,0,0,0,0,0,0,0,23,0,1,0,1
6320,3,4,3,4,2,6,2,0,0,1,0,0,0,0,0,0,25,0,0,0,1
6340,7,6,5,2,2,7,3,3,1,0,0,1,0,2,0,0,39,0,1,0,1
6347,6,9,8,5,1,2,4,1,1,2,0,1,0,0,0,0,40,1,5,2,1
6348,13,6,3,1,1,0,0,1,1,0,1,1,1,1,0,0,30,1,3,0,1
6349,5,4,2,2,0,3,0,0,0,0,0,0,1,0,0,0,17,0,0,0,1
6350,10,5,4,3,0,2,1,2,0,0,0,0,0,0,0,0,27,2,3,0,1
6351,6,6,1,2,3,1,1,0,0,0,0,0,0,0,0,0,20,1,0,0,0
6353,4,4,2,2,0,3,0,0,1,0,0,0,0,2,0,0,18,0,0,0,1
6354,5,4,2,2,0,2,3,1,2,2,0,0,0,0,0,0,23,0,1,0,1
6356,2,1,1,0,2,0,1,0,0,0,0,0,0,0,0,0,7,0,1,0,1
6357,9,6,5,8,2,0,2,1,3,0,0,0,2,0,0,0,38,0,2,0,1
6358,3,1,2,1,1,0,0,0,0,0,0,0,0,0,0,0,8,0,2,0,1
6360,11,5,5,2,6,1,3,1,2,1,0,1,1,0,1,0,40,0,2,0,1
6361,3,1,1,1,0,0,1,0,1,0,0,0,0,0,0,0,8,0,0,0,0
6362,5,3,2,8,2,1,4,3,0,1,0,1,0,0,0,0,30,1,0,0,1
6363,1,4,2,1,2,0,1,0,1,0,0,0,0,0,0,0,12,0,0,0,0
6364,4,2,2,5,0,0,0,0,4,0,0,2,0,1,0,0,20,1,0,0,1
6366,3,2,1,2,2,1,2,0,1,0,0,0,1,1,0,0,16,1,0,0,0
6368,4,3,5,1,1,1,1,0,3,0,0,1,0,1,0,0,21,2,0,0,1
6369,4,4,2,1,4,0,1,1,0,0,0,0,0,0,0,0,17,0,0,0,1
6372,3,2,3,1,2,2,2,0,1,0,1,0,0,0,0,1,18,0,0,0,1
6373,0,1,2,1,1,0,2,0,2,0,1,0,0,0,0,0,10,1,0,0,1
6375,4,5,3,0,3,4,0,0,0,3,0,0,0,1,0,0,23,0,1,0,1
6376,4,1,0,0,0,0,0,0,0,0,0,2,0,0,0,0,7,0,0,0,0
6379,1,1,1,2,2,5,1,0,0,1,0,0,0,0,0,0,14,1,0,0,1
6380,3,0,3,1,2,0,3,0,0,1,0,0,0,1,0,0,14,0,0,0,0
6381,2,2,2,2,3,1,2,0,1,0,0,0,1,0,0,0,16,0,0,0,1
6382,2,1,1,1,1,1,0,1,0,1,0,0,0,0,0,0,9,0,0,0,0
6383,8,8,0,0,0,3,1,0,0,0,0,0,2,0,0,0,22,0,3,0,1
6384,2,1,1,1,1,1,2,0,0,0,0,1,0,0,0,0,10,0,0,0,1
6386,4,3,1,3,1,0,1,0,1,0,0,0,0,0,0,0,14,0,0,0,0
6389,5,6,1,1,0,4,1,0,0,0,0,0,0,0,0,0,18,0,3,0,1
6391,6,3,9,4,8,2,2,1,2,0,0,2,0,0,0,0,39,1,4,0,1
6392,7,6,6,3,6,3,2,3,0,1,1,1,0,1,0,0,40,1,4,0,1
6393,4,1,2,1,2,0,0,1,0,0,0,1,0,0,0,0,12,0,1,0,0
6394,6,2,6,5,3,0,5,0,1,2,0,1,0,0,0,0,31,0,2,0,1
6397,6,3,1,1,1,2,0,1,0,0,0,1,0,0,0,0,16,0,0,0,1
6401,7,4,5,1,1,0,0,1,1,1,0,0,0,0,0,0,21,0,2,0,1
6405,4,1,4,0,2,0,1,0,1,0,0,0,0,1,0,0,14,0,0,0,0
6406,5,4,0,4,3,1,1,0,2,2,0,0,0,0,0,0,22,0,0,0,1
6407,7,5,4,2,3,2,5,0,0,0,0,1,0,0,0,0,29,0,0,0,0
6408,3,2,2,1,1,0,2,0,0,0,0,0,0,0,0,0,11,0,0,0,0
6409,7,3,4,2,2,0,0,0,3,1,0,1,0,0,0,0,23,0,0,0,1
6410,4,2,1,1,3,0,1,1,0,0,0,1,0,1,0,0,15,1,0,0,0
6411,4,2,2,2,3,0,0,0,1,0,0,0,0,0,0,0,14,0,0,0,0
6412,2,2,4,2,2,2,1,0,1,1,0,1,1,0,0,0,19,0,1,0,1
6413,9,6,4,2,2,1,2,1,0,0,0,1,2,0,0,0,30,0,0,0,1
6419,3,0,2,1,2,0,0,0,1,0,0,1,0,0,0,0,10,0,0,0,1
6423,1,4,2,1,1,5,1,0,0,0,0,1,0,0,0,0,16,0,2,0,1
6424,2,4,4,3,1,2,2,1,2,0,0,0,0,0,0,0,21,0,0,0,1
6426,8,5,2,1,4,0,1,0,2,0,0,1,0,0,0,0,24,0,0,0,0
6428,5,4,2,2,3,2,1,2,0,0,0,0,1,0,0,0,22,0,4,0,1
6429,7,5,2,4,0,0,2,3,1,0,0,0,1,0,0,0,25,0,0,0,1
6431,4,1,2,2,0,0,2,1,0,0,0,2,0,0,0,0,14,0,0,0,1
6432,4,3,1,2,1,1,0,1,1,0,0,0,0,0,0,0,14,0,1,0,1
6434,7,7,0,3,1,2,1,3,0,3,0,0,0,0,0,0,27,0,0,0,1
6436,2,3,3,1,0,4,1,0,0,0,0,0,0,1,0,0,15,0,0,0,1
6437,1,2,1,1,2,3,0,0,0,0,0,0,0,0,0,0,10,0,0,0,0
6438,2,3,2,1,1,3,1,0,2,0,0,0,0,0,0,0,15,1,0,0,1
6440,1,1,3,1,3,0,2,0,0,1,0,0,0,0,0,0,12,0,0,0,0
6443,5,2,1,3,2,1,2,1,0,0,0,1,0,1,0,0,19,0,0,0,0
6444,3,3,3,0,0,1,0,0,0,0,0,1,1,1,0,0,13,0,2,0,1
6445,5,4,3,3,4,1,2,1,0,0,0,1,0,0,0,0,24,0,1,0,1
6446,2,0,1,0,2,2,1,0,0,0,0,0,0,0,0,0,8,1,0,0,1
6448,7,7,0,1,1,2,2,3,2,0,0,1,1,0,0,0,27,0,3,0,1
6449,2,2,3,2,2,2,2,0,0,0,0,0,0,0,0,0,15,1,2,0,1
6450,7,6,5,2,1,1,1,1,3,0,0,1,0,0,0,0,28,0,1,0,1
6451,3,2,0,1,1,1,1,0,0,0,0,1,0,0,0,0,10,0,0,0,0
6452,5,2,3,1,2,0,2,1,0,0,0,0,1,0,0,0,17,0,0,0,1
6454,4,1,1,4,3,4,1,0,0,0,0,0,0,0,0,0,18,0,2,0,1
6455,5,4,2,0,0,1,1,0,0,0,0,0,0,0,0,0,13,0,1,0,1
6458,9,6,5,3,3,0,2,0,1,0,0,1,2,1,0,0,33,1,0,0,0
6459,2,0,1,2,2,2,1,0,1,0,0,0,0,0,0,0,11,0,1,0,1
6461,2,2,4,2,1,0,1,0,0,0,0,0,0,0,0,0,12,0,0,0,1
6463,3,3,3,0,0,1,2,0,1,0,0,1,1,1,0,0,16,0,0,0,1
6465,3,2,3,4,2,1,0,1,1,0,0,0,0,0,0,0,17,0,0,0,1
6466,6,8,1,1,5,2,1,1,1,1,1,0,1,1,0,0,30,0,1,0,0
6470,4,1,3,2,1,0,1,0,0,0,0,0,0,1,0,0,13,0,1,0,0
6471,2,1,2,0,1,2,1,2,1,2,0,0,0,0,0,0,14,1,1,0,1
6474,1,3,1,1,0,3,1,0,0,0,0,0,0,0,0,0,10,0,0,0,1
6475,3,2,1,1,2,1,2,0,0,0,0,1,0,0,0,0,13,1,0,0,1
6476,6,4,4,4,4,2,2,1,0,0,0,0,0,0,0,0,27,0,3,0,1
6477,5,2,5,3,5,0,1,1,0,1,0,0,0,0,0,0,23,0,0,0,1
6479,9,5,3,4,0,5,0,1,3,0,0,0,1,1,0,0,32,0,0,0,0
6488,13,11,8,5,5,6,0,2,1,0,0,1,0,0,0,0,52,2,0,0,0
6489,10,7,7,4,1,8,2,0,3,1,0,0,0,1,0,0,44,5,0,0,0
6491,5,6,1,0,0,7,0,0,2,0,1,0,0,2,0,0,24,1,0,0,0
6493,5,7,4,2,4,2,1,1,0,0,1,0,1,0,0,0,28,0,0,0,1
6494,6,4,4,3,1,3,0,1,0,1,0,1,0,0,0,0,24,0,0,0,1
6496,3,5,2,1,1,3,1,0,2,0,0,0,0,2,0,0,20,0,0,0,0
6497,6,3,1,3,1,1,0,1,1,1,0,1,0,0,0,0,19,0,0,0,0
6498,5,4,3,2,0,2,2,2,2,0,0,1,0,1,0,0,24,2,0,2,0
6500,4,4,1,3,1,2,0,0,0,0,0,1,0,0,0,0,16,2,0,0,0
6536,3,1,3,1,2,1,0,0,2,1,0,1,0,1,0,0,16,0,1,0,0
6547,9,7,3,0,1,1,1,1,1,0,1,0,0,0,0,0,25,2,0,2,0
6586,5,6,3,3,4,6,0,1,1,2,0,0,0,0,0,0,31,2,0,0,0
6588,1,1,1,0,1,1,0,0,0,0,0,0,0,0,0,0,5,0,1,0,0
6594,6,6,2,1,2,0,1,0,1,0,0,0,3,0,0,0,22,0,0,0,0
6595,6,8,2,2,2,9,0,0,1,0,0,0,0,0,0,0,30,1,0,0,0
6615,1,2,1,0,2,3,0,0,1,0,0,0,0,0,0,0,10,1,0,0,0
6623,6,4,5,5,5,3,3,1,5,1,0,1,0,0,0,0,39,1,3,0,0
6630,4,0,0,0,0,1,0,0,1,0,0,0,0,0,0,0,6,0,0,0,0
6651,3,2,3,2,1,0,0,0,0,0,1,0,0,0,0,0,12,1,0,0,0
6663,2,0,2,0,0,0,0,1,1,0,0,0,0,0,0,0,6,1,0,0,0
6671,4,2,0,2,0,4,0,0,0,2,1,0,0,0,0,0,15,0,3,0,0
6733,3,2,3,1,0,1,1,0,0,1,0,0,0,0,0,0,12,1,1,0,1
6741,3,2,0,1,0,0,2,1,0,1,2,0,3,0,0,0,15,1,0,0,1
6749,2,2,2,3,1,3,3,0,1,0,0,0,0,0,0,0,17,0,2,0,1
6754,4,2,2,2,2,1,0,1,1,0,0,0,0,0,0,0,15,0,2,0,1
6756,3,2,2,1,3,0,0,0,0,0,2,1,0,2,0,0,16,0,2,0,1
6761,3,3,2,1,3,0,1,0,1,1,1,0,0,0,0,0,16,0,2,0,1
6775,2,3,1,0,0,3,1,1,0,0,0,0,0,0,0,0,11,0,1,0,0
6777,5,2,2,3,1,0,1,2,1,0,0,0,0,0,0,0,17,0,0,0,1
6778,2,2,3,3,7,1,0,0,1,0,1,1,0,0,0,0,21,0,1,0,1
6779,4,7,2,3,0,8,0,0,0,0,0,0,0,0,0,0,24,0,1,0,0
6780,4,5,1,1,3,2,0,3,3,0,2,0,0,0,0,0,24,0,1,0,1
6781,5,6,3,3,2,6,0,1,1,0,1,1,0,0,0,0,29,1,1,0,1
6782,6,5,4,3,3,3,0,1,2,0,0,1,0,0,0,0,28,0,0,0,0
6783,6,5,2,1,2,5,0,0,0,0,2,1,0,0,0,0,24,0,1,0,1
6784,11,9,4,3,3,2,0,3,0,0,0,0,0,0,0,0,35,0,0,0,1
6785,5,6,3,2,5,4,2,1,1,0,0,0,1,0,0,0,30,0,0,0,0
6787,1,1,0,0,0,4,0,0,1,0,0,0,1,0,0,0,8,0,1,0,0
6788,5,3,2,1,2,2,0,0,2,0,0,0,0,0,0,0,17,0,2,0,0
6789,4,3,2,2,2,3,0,1,1,1,1,0,1,0,0,0,21,0,0,0,1
6790,6,2,3,2,0,3,2,1,2,0,0,1,1,0,0,0,23,0,1,0,1
6791,8,6,3,1,2,1,3,0,0,1,0,1,1,0,0,0,27,0,2,0,1
6792,4,4,5,2,4,4,1,0,0,0,0,0,0,0,0,0,24,0,1,0,1
6793,2,2,1,4,5,3,1,0,1,0,1,0,1,0,0,0,21,0,3,0,0
6796,4,0,4,4,2,0,2,0,2,0,0,0,0,0,0,0,18,0,3,0,0
6797,3,2,2,1,0,4,0,0,1,2,0,1,0,1,0,0,17,0,1,0,1
6799,7,2,3,4,0,1,1,0,2,0,1,1,0,0,0,0,22,0,0,0,1
6800,6,4,2,1,3,0,2,0,2,0,0,1,2,0,0,0,23,0,1,0,1
6802,3,2,1,2,5,3,2,0,1,2,0,1,0,0,0,0,22,0,0,0,1
6803,6,2,2,3,4,2,2,1,0,1,0,1,1,1,0,0,26,0,1,0,1
6804,4,3,0,2,4,7,2,0,0,0,0,1,0,0,0,0,23,0,0,0,1
6805,6,4,3,1,3,1,1,0,2,0,1,1,3,0,0,0,26,1,0,0,1
6806,6,3,0,2,3,0,1,0,4,0,0,1,0,0,0,0,20,0,1,0,1
6807,7,2,4,2,0,1,1,0,1,3,3,0,1,1,0,0,26,0,2,0,1
6808,4,4,2,0,1,6,0,1,2,0,1,0,0,1,0,0,22,0,0,0,1
6809,3,3,3,0,2,6,1,2,1,0,1,1,1,0,0,0,24,0,0,0,1
6810,6,6,4,0,1,1,3,1,1,2,0,1,0,0,0,0,26,0,0,0,1
6921,1,0,0,0,0,2,0,0,0,0,0,0,0,0,0,0,3,0,0,0,0
6959,2,1,1,0,0,0,0,0,3,0,1,1,1,0,0,0,10,2,0,2,0
6961,4,1,3,4,4,0,2,0,1,0,0,0,1,0,0,0,20,1,0,0,1
6975,3,0,2,2,2,0,0,0,2,0,0,0,0,0,0,0,11,0,3,0,0
6977,1,0,1,1,1,1,0,0,1,0,0,0,0,0,0,0,6,0,0,0,0
6992,0,1,0,1,1,3,0,0,0,0,0,0,0,0,0,0,6,0,0,0,0
6999,6,2,4,4,0,1,1,0,3,0,0,1,3,0,0,0,25,0,1,0,0
7002,4,4,1,2,0,6,0,0,1,0,0,1,0,0,0,0,19,0,0,0,1
7004,8,2,6,4,8,0,2,3,4,1,0,1,1,0,1,0,41,0,0,0,0
7008,8,4,4,6,4,1,1,2,2,1,2,1,1,0,0,0,37,0,1,0,0
7010,6,4,1,5,4,2,1,0,2,2,0,1,0,0,0,0,28,0,0,0,1
7011,5,5,1,2,3,4,1,1,0,0,1,0,2,0,0,0,25,0,0,0,0
7012,8,5,2,2,1,6,0,0,1,0,0,0,0,0,0,0,25,0,0,0,0
7015,2,2,1,1,0,1,0,0,0,0,0,0,0,0,0,0,7,0,0,0,0
7057,3,3,5,3,3,4,0,0,1,1,1,1,0,0,0,0,25,2,1,0,1
7104,13,14,5,5,1,5,2,2,3,0,3,1,1,2,0,0,57,2,0,0,0
7105,3,2,1,1,0,7,1,0,0,0,1,0,0,0,0,0,16,0,0,0,0
7108,2,1,1,1,1,0,1,1,0,0,0,0,0,0,0,0,8,0,2,0,1
7111,1,3,3,3,0,2,0,0,0,2,1,1,0,0,0,0,16,1,2,0,1
7121,1,1,0,0,0,9,0,0,1,0,1,0,0,0,0,0,13,0,0,0,0
7136,2,1,5,3,4,0,1,0,0,0,2,0,0,1,0,0,19,0,0,0,1
7139,2,2,2,0,2,0,1,0,2,0,1,0,0,1,0,0,13,0,0,0,0
7158,3,0,1,0,1,0,1,0,1,0,1,0,0,0,0,0,8,0,1,0,0
7160,2,2,1,1,2,0,0,0,0,0,1,0,0,0,0,0,9,0,0,0,0
7161,3,2,2,2,0,0,0,1,1,0,1,0,0,1,0,0,13,0,2,0,0
7164,2,0,4,3,3,1,1,0,1,0,2,0,0,0,0,0,17,0,2,0,1
7166,3,0,1,1,0,5,1,0,1,0,0,0,1,0,0,0,13,1,0,0,0
7168,1,2,0,0,0,0,0,0,0,0,0,0,0,1,0,0,4,0,2,0,0
7169,1,0,1,1,1,0,1,1,0,0,0,0,0,2,0,0,8,0,1,0,0
7170,1,0,1,1,1,0,1,0,1,0,0,0,0,1,0,0,7,0,2,0,0
7171,1,0,2,1,0,0,0,0,1,0,0,0,0,1,0,0,6,0,2,0,1
7178,0,0,1,2,3,1,0,0,0,0,1,0,0,0,0,0,8,0,0,0,0
7181,2,2,1,0,1,0,1,0,2,0,1,0,4,0,0,0,14,0,0,0,0
7193,5,1,2,2,2,1,1,0,1,0,0,0,0,1,0,0,16,0,0,0,1
7207,3,1,2,2,4,0,1,2,1,0,0,0,0,0,0,0,16,0,0,0,0
7222,3,2,0,2,1,1,2,0,1,0,0,0,0,0,0,0,12,0,0,0,1
7225,4,2,4,2,1,2,0,0,1,0,0,0,2,1,0,0,19,0,0,0,0
7242,3,4,0,1,1,5,0,2,0,0,0,0,0,1,0,0,17,0,0,0,0
7253,3,1,4,4,2,0,2,2,1,0,0,0,1,1,0,0,21,0,0,0,1
7257,3,1,2,2,1,2,0,0,2,2,0,0,0,1,0,0,16,0,1,0,0
7267,2,2,2,1,1,3,1,0,2,0,1,1,1,0,0,0,17,0,0,0,1
7274,5,2,0,3,1,1,0,1,2,1,1,0,0,0,0,0,17,0,1,0,1
7281,0,1,0,3,0,6,1,1,1,1,1,0,0,0,0,0,15,0,0,0,1
7288,6,2,2,2,1,0,1,0,1,0,0,0,0,0,0,0,15,0,0,0,1
7293,3,4,3,2,2,2,0,0,0,2,0,0,0,0,0,0,18,0,0,0,1
7298,3,4,2,2,4,2,0,0,0,2,0,0,0,0,0,0,19,0,0,0,0
7301,3,3,2,1,1,1,1,0,0,0,0,0,0,0,0,0,12,1,0,0,1
7325,4,6,2,1,3,3,1,0,1,0,0,0,0,0,0,0,21,0,0,0,0
7357,3,5,1,0,0,1,0,0,1,0,1,0,0,0,0,0,12,0,0,0,0
7359,4,4,2,0,0,1,0,0,1,0,0,0,0,0,0,0,12,0,0,0,0
7362,3,2,2,0,0,1,0,0,1,0,0,0,1,0,0,0,10,0,0,0,0
7375,3,3,1,0,0,0,0,0,2,0,0,0,1,0,0,0,10,0,0,0,0
7400,2,1,0,1,0,4,0,0,0,0,0,0,0,0,0,0,8,0,0,0,0
7404,5,2,0,0,0,0,0,0,1,0,0,0,0,1,0,0,9,0,0,0,0
7406,2,5,1,0,0,3,0,0,1,0,0,0,0,0,0,0,12,0,0,0,0
7447,4,1,3,1,0,3,0,0,0,0,0,0,0,0,0,0,12,0,0,0,0
7459,3,5,2,0,1,2,0,0,0,0,1,1,0,0,0,0,15,0,0,0,0
7461,4,2,1,0,0,4,0,0,1,0,0,0,0,0,0,0,12,1,0,0,0
7471,3,0,1,1,0,0,0,0,0,0,1,1,0,0,0,0,7,1,0,0,1
7477,1,3,2,0,0,3,0,0,2,0,0,0,1,0,0,0,12,0,0,0,0
7480,5,4,2,0,0,2,0,0,2,0,0,0,1,0,0,0,16,0,0,0,0
7482,4,3,2,0,0,3,1,0,2,0,0,0,0,1,0,0,16,0,0,0,0
7483,3,3,3,1,1,2,0,0,1,0,2,1,0,0,0,0,17,0,0,0,0
7484,7,4,0,0,0,0,0,0,2,0,0,0,3,0,0,0,16,0,0,0,0
7488,3,4,1,1,0,5,0,0,2,0,0,1,0,0,0,0,17,0,0,0,0
7504,6,5,1,0,0,1,0,0,0,0,0,0,0,0,0,0,13,0,0,0,0
7507,4,2,1,0,0,2,0,0,1,0,1,0,0,0,0,0,11,0,0,0,0
7511,3,2,1,2,0,2,0,0,4,0,0,0,0,0,0,0,14,0,0,0,0
7514,2,2,2,2,0,2,0,1,1,0,0,0,0,0,0,0,12,1,0,0,0
7520,4,4,4,1,5,6,2,0,1,0,1,2,0,0,0,0,30,1,2,0,1
7523,5,0,6,3,1,1,1,0,3,0,1,0,2,0,0,0,23,2,0,2,1
7524,9,3,4,1,1,0,1,1,0,0,0,1,2,0,0,0,23,2,0,0,0
7528,9,5,2,2,1,3,0,0,0,0,0,0,5,0,0,0,27,2,0,0,1
7529,3,4,3,2,0,7,0,0,0,0,0,0,0,0,0,0,19,1,1,0,0
7530,8,3,4,3,5,0,1,0,0,0,1,1,1,0,0,0,27,3,0,0,1
7536,5,1,2,1,0,3,1,1,1,0,0,1,0,0,0,0,16,1,3,0,1
7537,7,6,3,3,6,1,1,1,0,0,1,0,0,0,0,0,29,0,1,0,0
7543,2,2,5,3,0,0,1,1,2,0,0,0,0,0,0,0,16,0,0,0,1
7546,2,2,2,1,1,2,1,1,0,0,1,0,0,0,0,0,13,0,0,0,1
7547,2,2,1,2,2,4,0,0,1,0,0,0,0,0,0,0,14,0,0,0,0
7548,1,1,1,1,0,3,0,0,0,0,0,0,0,0,0,0,7,0,0,0,0
7558,2,2,1,0,1,2,0,0,1,0,1,0,0,0,0,0,10,0,0,0,0
7561,2,2,0,0,0,2,2,0,0,0,0,0,0,0,0,0,8,0,0,0,1
7565,0,0,1,1,1,0,1,0,0,0,0,0,4,0,0,0,8,0,1,0,0
7574,4,2,2,1,2,1,1,1,1,0,0,0,0,0,0,0,15,0,0,0,0
7582,3,2,1,0,2,0,1,0,0,0,0,0,0,0,0,0,9,0,0,0,0
7584,2,2,1,1,1,2,1,1,0,0,0,0,0,0,0,0,11,0,1,0,1
7585,1,1,0,0,1,0,0,0,0,0,1,0,0,0,0,0,4,0,1,0,0
7589,1,1,2,1,6,2,2,0,0,0,2,0,0,0,0,0,17,0,0,0,0
7592,3,0,1,0,1,0,2,1,0,0,0,0,0,0,0,0,8,0,0,0,0
7594,2,1,0,0,0,2,0,0,1,0,0,0,0,0,0,0,6,0,1,0,0
7598,2,2,0,0,0,1,0,0,3,0,0,0,0,0,0,0,8,0,0,0,1
7600,4,3,1,0,0,1,0,0,0,0,0,0,0,0,0,0,9,2,0,0,0
7601,3,3,2,0,0,2,1,1,0,0,0,0,0,0,0,0,12,0,0,0,0
7602,5,3,2,0,0,1,1,0,0,0,0,0,1,0,0,0,13,0,0,0,0
7606,2,2,1,0,0,0,0,0,2,0,0,0,1,0,0,0,8,0,0,0,0
7608,3,2,3,3,4,0,0,0,1,0,0,0,0,0,0,0,16,1,0,0,1
7625,1,1,6,2,1,2,3,0,1,0,0,1,0,1,0,0,19,0,0,0,1
7634,2,1,1,2,1,0,0,1,0,0,1,0,0,0,0,0,9,0,0,0,0
7635,0,0,4,0,3,0,3,0,0,1,0,0,0,0,0,0,11,1,0,0,0
7637,1,1,2,0,1,0,0,1,0,0,1,0,0,0,0,0,7,0,0,0,1
7638,2,0,2,2,1,0,0,0,1,0,0,0,0,0,0,0,8,0,0,0,0
7639,2,1,1,2,1,0,1,1,0,0,0,0,0,0,0,0,9,0,0,0,0
7656,0,0,1,0,2,1,1,0,0,1,1,0,0,0,0,0,7,0,0,0,0
7657,4,1,1,2,1,0,0,0,0,0,0,0,0,2,0,0,11,0,0,0,1
7658,3,1,1,0,0,0,0,1,0,0,0,1,0,1,0,0,8,1,0,0,0
7660,3,2,3,4,0,1,1,0,1,1,0,0,0,1,0,0,17,0,0,0,1
7666,3,1,2,3,0,0,3,0,1,0,0,0,0,0,0,0,13,1,0,0,1
7667,0,1,1,2,0,3,0,0,0,0,0,0,0,0,0,0,7,0,0,0,1
7674,3,0,2,2,2,0,0,0,0,0,0,0,0,0,0,0,9,0,0,0,0
7675,2,0,3,1,3,0,2,0,0,0,0,0,0,0,0,0,11,0,0,0,1
7679,0,3,3,2,4,1,0,0,0,0,0,0,0,1,0,0,14,0,0,0,1
7683,2,3,3,3,5,1,1,0,0,0,0,0,0,0,0,0,18,0,0,0,1
7684,6,2,2,1,2,0,3,1,1,0,1,1,0,0,0,0,20,3,0,0,1
7687,1,0,4,0,6,0,1,0,1,1,1,1,0,0,0,0,16,0,0,0,0
7688,3,1,3,1,1,2,3,1,0,0,0,1,2,1,0,0,19,0,0,0,1
7689,2,1,1,4,1,3,1,0,1,1,0,0,0,0,0,0,15,0,0,0,0
7691,5,2,1,0,1,2,0,0,0,0,0,0,0,0,0,0,11,0,0,0,0
7694,4,1,2,1,2,2,1,0,1,0,0,0,0,0,0,0,14,2,0,0,1
7697,1,0,1,1,1,0,0,0,0,0,1,0,0,0,0,0,5,0,0,0,0
7700,2,2,2,1,4,2,1,0,2,0,1,0,0,0,0,0,17,0,0,0,1
7701,1,1,4,2,4,0,1,1,0,1,0,0,0,0,0,0,15,0,0,0,0
7705,1,1,2,1,2,2,4,0,0,0,0,1,0,0,0,0,14,0,0,0,1
7713,2,1,1,1,2,0,0,0,0,1,0,0,0,0,0,0,8,0,0,0,1
7715,2,0,1,3,2,4,1,2,0,0,0,0,0,0,0,0,15,0,1,0,1
7718,4,3,4,2,0,2,0,0,0,0,0,0,0,0,0,0,15,0,0,0,1
7721,6,4,2,3,4,0,1,3,1,0,0,1,0,1,1,0,27,0,0,0,1
7723,4,5,4,2,1,1,1,0,1,0,1,0,0,0,0,0,20,0,1,0,1
7724,7,4,5,3,0,0,0,2,1,0,0,0,1,2,0,0,25,0,0,0,1
7725,9,6,10,7,8,8,2,1,2,0,0,0,2,2,0,0,57,0,0,0,0
7726,11,7,5,2,5,3,2,0,2,1,0,0,0,0,0,0,38,0,9,2,1
7727,12,9,9,6,2,4,1,3,2,2,1,1,0,1,0,0,53,1,1,0,0
7728,6,3,1,3,0,4,0,1,1,1,3,0,0,1,0,0,24,0,0,2,0
7729,10,7,7,7,3,2,3,0,1,1,0,1,0,0,0,1,43,0,4,0,1
7731,15,11,9,6,9,0,2,0,1,2,4,3,0,0,0,0,62,1,0,0,0
7732,6,4,2,4,1,2,2,1,2,0,0,0,0,0,0,0,24,1,0,0,0
7733,6,5,4,4,3,1,3,2,1,0,0,0,2,0,0,0,31,1,2,0,1
7734,17,7,5,8,6,5,1,2,4,0,1,2,0,0,0,0,58,0,0,0,0
7735,5,1,0,0,0,0,0,0,1,0,1,4,0,0,0,0,12,0,0,0,0
7736,18,14,2,0,0,7,1,0,4,0,0,0,4,0,0,0,50,1,0,0,0
7737,5,0,2,4,2,2,1,0,0,2,1,0,4,0,0,0,23,0,0,0,0
7741,6,8,3,2,2,5,2,0,1,0,0,0,0,0,0,0,29,0,0,0,0
7742,11,5,7,5,7,3,1,1,0,2,5,1,0,2,0,0,50,7,0,0,1
7745,5,4,3,0,0,2,2,0,1,0,2,1,1,0,0,0,21,3,5,2,0
7746,13,8,7,3,2,5,0,3,3,0,0,2,0,2,0,1,49,0,1,0,0
7747,4,3,2,2,3,3,2,3,1,0,1,1,1,1,0,0,27,0,0,0,1
7748,4,5,2,2,2,7,0,0,1,0,0,2,1,0,0,0,26,0,1,0,1
7749,18,11,8,6,2,2,1,2,1,3,0,1,0,1,0,0,56,0,2,0,1
7750,8,4,3,2,2,2,2,0,2,0,0,1,0,0,0,0,26,0,0,0,0
7751,6,7,5,2,4,8,2,1,1,0,1,2,0,0,0,0,39,1,1,0,1
7754,4,3,2,1,1,6,2,0,1,0,1,0,0,0,0,0,21,0,0,2,0
7755,9,4,5,5,5,2,0,2,1,0,0,2,1,0,0,0,36,0,0,0,1
7757,15,11,5,4,6,0,2,0,3,2,1,0,5,0,0,0,54,0,1,0,0
7758,17,13,8,5,5,2,2,1,1,2,0,1,0,2,0,0,59,1,0,0,1
7759,14,12,6,7,4,5,2,3,0,0,1,0,5,0,0,0,59,1,2,0,0
7760,8,7,5,5,1,5,0,0,0,0,0,1,1,2,0,0,35,0,0,0,0
7763,14,7,3,4,0,0,1,0,2,0,1,1,5,0,0,0,38,0,2,0,1
7764,9,3,3,3,2,0,2,0,1,0,1,0,1,0,0,0,25,0,1,0,1
7766,0,2,1,0,1,3,0,0,0,0,1,0,0,0,1,0,9,0,0,0,0
7768,7,3,4,6,2,2,2,0,1,0,0,0,0,1,0,0,28,0,0,0,1
7769,8,2,1,3,2,0,1,0,1,0,0,0,0,0,0,0,18,2,0,0,0
7771,5,4,2,2,1,7,0,0,0,0,0,0,1,0,0,0,22,0,0,0,0
7772,12,4,3,3,2,4,3,1,3,0,1,0,1,1,0,0,38,2,11,0,1
7773,2,1,2,1,1,1,0,1,0,0,0,0,0,0,0,0,9,0,0,0,1
7774,3,4,4,3,3,4,0,0,1,1,0,0,0,1,0,0,24,0,0,0,1
7775,13,8,5,10,0,1,1,1,1,0,0,1,0,0,0,0,41,0,2,0,1
7776,8,2,5,2,0,2,1,0,2,0,0,0,1,1,0,0,24,0,0,0,0
7778,4,5,4,3,3,6,2,0,1,1,1,0,0,0,0,0,30,2,0,0,1
7779,7,4,6,3,5,8,5,0,3,1,1,1,1,1,0,0,46,1,1,0,0
7780,2,1,2,3,0,3,0,0,0,0,1,1,0,1,0,0,14,0,1,0,1
7781,5,1,3,2,1,23,1,1,0,0,0,0,2,0,0,0,39,0,1,0,0
7783,6,7,3,2,0,5,0,1,5,1,0,0,1,0,0,0,31,0,0,0,0
7784,6,2,3,3,0,4,0,1,1,0,0,0,3,0,0,0,23,0,0,0,0
7786,15,11,8,11,2,4,3,3,0,2,0,1,0,1,0,0,61,1,0,0,0
7787,4,6,2,2,2,6,0,0,0,1,1,1,0,0,0,0,25,0,4,0,1
7789,10,2,5,6,7,0,1,0,2,0,1,1,0,1,0,0,36,0,0,0,0
7790,11,8,7,6,2,7,2,2,0,0,1,2,1,2,0,0,51,1,0,0,0
7791,5,3,1,4,1,4,0,0,2,1,1,1,0,0,0,0,23,1,2,0,1
7792,2,1,3,0,0,6,2,0,0,1,0,0,0,0,0,0,15,1,2,0,1
7793,9,8,8,10,6,3,2,2,2,1,0,1,0,2,0,0,54,4,1,3,0
7795,6,5,3,3,1,11,0,1,3,0,0,1,1,2,0,0,37,0,1,0,0
7796,14,6,2,1,1,1,2,0,1,1,1,2,3,0,0,0,35,0,1,0,1
7797,10,6,5,4,1,2,0,1,3,0,0,0,0,0,0,0,32,1,0,0,0
7798,7,9,1,2,4,1,3,0,1,0,0,1,0,1,0,0,30,0,0,0,1
7799,5,3,2,1,0,2,2,1,0,0,0,0,0,0,0,0,16,0,0,0,1
7800,12,15,4,4,2,8,2,0,3,0,1,2,10,1,0,0,64,3,0,0,0
7801,10,6,3,1,1,0,1,0,1,0,2,0,4,1,0,0,30,0,0,0,1
7802,6,5,2,3,0,7,0,1,1,0,0,2,0,0,0,0,27,4,2,0,0
7803,12,7,6,6,4,2,1,1,2,0,0,1,2,0,0,0,44,1,0,0,1
7804,15,9,7,6,4,1,1,2,5,0,2,0,7,0,0,0,59,0,0,0,1
7805,13,7,3,5,5,1,4,4,3,0,2,3,4,0,0,0,54,1,0,0,0
7807,12,13,8,7,7,7,1,1,1,0,0,2,1,0,0,0,60,1,0,0,1
7808,5,7,3,4,0,13,1,0,1,0,0,2,3,1,0,0,40,0,0,0,0
7809,7,7,1,1,1,10,0,0,2,0,0,1,0,0,0,0,30,0,0,0,0
7810,3,6,8,5,4,10,1,1,1,2,0,1,1,0,0,0,43,0,4,0,0
7811,2,4,2,1,1,7,1,0,0,0,1,0,1,0,0,0,20,2,0,0,1
7812,2,3,1,2,0,2,1,0,0,0,0,0,0,0,0,0,11,1,0,0,1
7813,7,6,7,4,3,1,0,0,0,2,0,0,3,0,0,0,33,1,0,0,1
7814,6,8,5,3,3,2,0,0,2,0,1,0,0,0,0,0,30,1,4,0,1
7815,11,8,4,7,1,6,1,4,1,0,1,1,1,0,0,0,46,0,0,0,1
7816,15,15,7,3,1,10,1,1,1,1,0,0,0,0,0,0,55,0,0,0,0
7817,5,3,2,0,2,24,2,1,0,0,1,0,0,0,0,0,40,0,0,0,0
7818,6,5,3,1,0,1,1,0,4,0,1,1,3,0,0,0,26,2,0,0,0
7821,7,5,3,4,3,3,1,0,2,0,1,0,0,1,0,1,31,0,3,0,1
7822,6,2,1,0,0,10,0,0,4,0,1,0,0,0,0,0,24,1,0,0,1
7823,10,10,4,5,6,2,3,1,4,0,1,2,0,0,0,0,48,3,0,0,1
7824,6,7,5,3,6,6,2,1,0,0,4,0,0,0,2,0,42,0,0,0,1
7825,5,4,1,3,0,1,0,2,0,0,0,1,0,0,0,0,17,0,2,0,1
7826,15,10,6,2,5,0,2,0,3,0,0,0,0,1,0,0,44,1,5,3,0
7827,16,9,9,3,3,3,4,3,1,2,0,3,0,1,0,0,57,0,0,0,0
7828,10,11,4,4,2,8,1,1,2,0,1,1,1,0,0,0,46,1,0,0,0
7832,2,3,2,2,1,4,0,1,0,0,0,0,1,0,0,0,16,0,2,0,1
7833,3,3,3,0,1,0,0,0,1,0,0,0,0,0,0,0,11,0,0,0,0
7837,3,2,2,1,1,0,1,1,1,0,0,0,0,0,0,0,12,0,0,0,0
7842,10,4,4,2,1,6,3,0,1,0,1,0,4,0,0,0,36,0,2,0,1
7843,13,7,5,3,2,1,1,3,0,1,0,1,1,3,0,0,41,1,0,0,1
7844,21,9,7,5,4,4,4,1,1,0,0,1,1,0,0,0,58,0,0,0,1
7846,14,9,5,4,1,3,0,1,1,0,1,3,2,0,0,0,44,0,0,0,1
7848,12,7,7,6,6,0,3,2,5,0,1,1,0,1,0,0,51,0,0,0,0
7849,8,7,2,1,1,1,0,2,1,2,0,0,0,0,0,0,25,2,0,0,1
7850,9,10,4,3,2,5,1,1,0,0,0,0,0,0,0,0,35,0,0,0,1
7851,20,10,4,6,5,2,4,1,3,0,0,3,1,1,0,0,60,0,0,0,1
7852,14,6,7,2,4,4,0,0,1,0,0,0,1,0,0,0,39,0,0,0,0
7854,7,10,4,2,2,3,7,1,1,0,0,0,0,1,0,0,38,0,0,0,1
7856,3,6,3,4,4,3,2,0,1,1,1,0,0,0,0,0,28,0,0,0,1
7857,7,6,6,3,5,2,2,3,0,0,1,0,1,0,0,0,36,0,0,0,0
7858,13,11,7,6,2,4,3,2,3,1,0,2,3,0,0,0,57,0,1,0,1
7860,3,5,3,3,4,2,1,0,3,1,2,0,0,0,0,0,27,1,0,0,0
7861,8,5,3,4,1,2,1,2,0,0,1,0,0,1,0,0,28,0,0,0,0
7862,4,1,3,7,3,3,2,0,4,0,2,0,0,1,0,0,30,0,0,0,0
7863,9,5,2,0,5,0,1,3,0,0,0,1,0,0,0,0,26,1,0,0,0
7864,9,6,5,3,5,1,1,4,2,1,0,1,0,1,0,0,39,0,2,0,1
7866,7,8,4,2,1,5,1,1,1,0,0,0,1,1,0,0,32,2,1,0,1
7868,4,4,3,5,2,2,1,1,0,2,0,0,0,0,0,0,24,0,1,0,1
7870,5,2,0,0,0,6,0,0,1,0,0,0,1,0,0,0,15,3,0,0,1
7873,3,1,2,2,4,1,3,0,0,0,0,0,0,2,0,0,18,0,1,0,1
7874,5,3,4,4,2,5,3,1,1,2,0,0,0,0,0,0,30,0,0,0,1
7876,8,3,4,8,3,5,6,0,2,3,4,0,0,1,0,0,47,3,1,0,1
7877,8,7,2,1,1,1,2,1,2,0,0,0,2,0,0,0,27,0,0,0,0
7878,8,6,2,0,0,0,0,0,1,0,0,0,0,0,0,0,17,1,0,0,0
7879,3,1,2,1,2,0,0,0,2,0,0,0,0,0,0,0,11,2,0,0,0
7881,3,3,2,3,0,4,2,2,0,1,0,0,0,0,0,0,20,0,0,0,1
7884,7,5,3,3,2,3,0,1,0,0,0,0,3,0,0,0,27,1,1,0,0
7885,3,4,4,3,1,4,2,1,1,0,2,0,0,0,0,0,25,2,0,0,1
7886,13,5,14,12,6,1,1,0,2,0,0,1,0,0,0,0,55,1,0,0,0
7888,10,2,4,1,4,1,2,0,0,0,1,1,2,0,0,0,28,0,0,0,0
7889,11,4,3,2,8,5,0,3,2,1,4,0,0,1,0,0,44,1,2,0,1
7894,3,2,3,1,3,7,3,1,0,0,0,1,0,0,0,0,24,0,0,0,0
7896,6,6,2,4,2,2,1,1,0,1,1,0,0,0,0,0,26,2,0,2,1
7897,3,3,4,1,1,2,2,0,0,1,0,0,0,0,0,0,17,1,1,0,1
7899,3,2,1,1,0,2,0,0,1,0,0,0,0,0,0,0,10,0,0,0,1
7901,13,9,5,3,6,3,3,0,1,2,2,2,0,0,0,0,49,0,0,3,0
7902,3,3,2,3,3,3,0,0,0,0,2,0,3,0,1,0,23,0,0,0,0
7906,4,4,4,3,1,1,2,1,2,0,0,0,1,0,0,0,23,0,0,0,0
7910,6,4,3,2,4,0,2,0,1,1,1,0,0,0,0,0,24,0,1,0,0
7912,5,5,1,0,0,6,0,0,2,0,2,0,2,0,0,0,23,2,1,0,0
7920,4,3,2,3,2,1,3,0,0,0,0,1,0,0,0,0,19,4,1,0,0
7922,1,0,1,1,3,0,0,0,0,0,1,0,0,0,0,0,7,0,1,0,1
7923,3,3,2,2,1,1,2,1,1,1,0,1,0,0,0,0,18,0,0,0,0
7924,4,5,3,2,0,4,0,0,1,0,0,0,0,1,0,0,20,0,0,0,0
7925,8,6,3,2,1,1,1,2,0,0,1,0,0,1,0,0,26,0,0,0,0
7926,5,2,7,1,4,1,1,0,1,2,0,0,0,1,0,0,25,0,0,0,0
7937,5,1,5,2,1,0,3,2,1,1,0,1,0,0,0,0,22,0,0,0,0
7938,2,3,1,3,1,6,3,0,1,0,0,0,0,0,0,0,20,0,1,0,0
7941,3,0,1,2,2,1,1,0,0,0,0,0,0,0,0,0,10,0,0,0,1
7944,5,0,2,1,0,3,0,0,1,0,0,0,0,0,0,0,12,0,0,0,1
7945,5,4,2,1,0,7,0,0,3,1,1,1,0,1,0,0,26,0,0,0,1
7946,3,2,4,3,4,6,3,1,0,0,1,1,0,0,0,0,28,0,1,0,0
7947,5,4,3,1,2,2,1,0,3,0,1,1,0,1,0,0,24,0,0,0,0
7948,10,7,6,6,2,3,0,1,0,0,2,0,0,0,0,0,37,0,0,0,1
7949,3,2,5,5,6,1,1,2,1,3,0,0,0,0,0,0,29,0,0,0,0
7950,5,6,2,0,2,1,1,0,3,1,1,1,0,0,1,0,24,0,0,0,0
7952,7,5,3,0,0,2,1,1,2,1,0,0,0,0,0,0,22,1,0,0,1
7954,6,3,3,2,1,0,4,0,0,1,1,0,0,0,0,0,21,0,0,0,1
7955,4,2,3,1,4,1,3,0,1,0,0,1,1,1,0,0,22,0,2,0,1
7957,0,0,4,1,0,0,0,0,4,0,1,0,0,1,0,0,11,0,1,0,0
7958,5,2,4,3,4,5,1,0,2,0,0,0,0,0,0,0,26,3,1,0,0
7959,4,0,3,2,2,4,0,2,1,1,1,0,0,0,0,0,20,0,1,0,0
7962,0,1,1,1,3,0,1,0,0,0,0,0,0,0,0,0,7,0,0,0,1
7966,7,4,0,1,1,0,0,0,2,0,1,2,0,0,0,0,18,0,0,0,0
7972,2,4,1,0,0,15,0,0,1,0,0,0,0,0,0,0,23,0,0,0,0
7974,7,6,3,1,0,4,0,0,3,0,1,0,0,0,0,0,25,1,0,0,0
7979,7,1,5,2,1,0,3,1,2,0,0,0,1,1,0,0,24,0,0,0,0
7980,5,1,2,0,0,0,1,0,0,0,0,0,0,0,0,0,9,1,1,0,0
7981,7,3,4,3,2,1,1,2,1,0,0,1,0,0,0,0,25,0,0,0,0
7982,5,2,2,2,0,0,0,0,0,0,0,0,0,0,0,0,11,0,0,0,1
7984,4,5,3,4,1,2,1,0,2,0,0,1,1,0,0,0,24,0,0,0,0
7985,5,1,2,3,3,0,5,0,1,0,0,1,0,0,0,0,21,1,1,0,0
7987,2,5,0,1,0,8,1,1,3,1,0,0,0,1,0,0,23,0,0,0,1
7988,4,2,4,1,1,1,1,0,4,0,0,1,0,0,0,0,19,0,0,0,0
7994,3,1,1,1,2,1,0,0,0,0,0,1,0,1,0,0,11,0,4,0,1
7996,8,5,7,7,7,7,2,1,2,1,4,1,2,1,0,0,55,0,0,0,1
7997,9,4,4,2,2,2,3,1,0,1,0,0,0,0,0,0,28,0,0,0,1
7998,5,2,2,1,1,1,1,0,0,1,0,1,2,0,0,0,17,1,1,0,1
7999,6,5,4,4,5,0,1,1,1,0,2,1,3,0,0,0,33,0,0,0,0
8000,10,5,2,0,0,0,0,0,4,0,0,1,0,0,0,0,22,0,0,0,0
8003,2,3,4,3,0,7,1,0,0,0,0,1,0,1,0,0,22,0,3,0,1
8005,4,4,2,3,0,7,2,1,1,0,0,1,0,0,0,0,25,0,0,0,1
8006,2,3,3,2,0,2,2,0,0,0,1,0,0,1,0,0,16,0,0,0,0
8009,5,4,2,1,5,3,2,0,0,0,0,0,5,0,0,0,27,0,0,0,0
8010,4,2,4,4,4,0,3,1,3,1,0,0,0,1,0,0,27,0,0,0,0
8011,8,4,1,1,0,5,0,0,1,0,0,0,2,0,0,0,22,0,0,0,0
8012,7,7,1,0,1,7,0,0,0,0,0,1,1,0,0,0,25,0,0,0,1
8015,6,5,4,4,2,0,1,0,1,1,0,0,0,0,0,0,24,0,0,0,0
8016,5,6,2,3,2,6,2,0,1,0,0,0,0,1,0,0,28,0,0,0,0
8023,15,17,3,4,0,6,3,2,4,0,0,4,1,0,0,0,59,0,0,0,1
8025,8,3,4,3,5,0,2,0,1,0,0,0,0,0,0,0,26,0,0,0,0
8026,6,5,2,1,0,5,0,0,0,0,0,0,0,1,0,0,20,0,0,0,0
8027,14,7,6,12,4,1,2,2,4,3,1,1,2,1,0,0,60,0,0,0,0
8028,13,5,10,8,6,1,5,4,3,1,4,1,1,0,0,0,62,0,0,0,0
8058,2,0,4,6,4,2,1,0,1,3,0,1,0,0,0,0,24,1,0,0,0
8060,11,5,6,2,0,0,2,1,1,1,0,0,0,0,0,0,29,0,0,0,0
8075,3,3,1,1,1,0,0,1,0,0,0,0,0,0,0,0,10,1,1,0,0
8080,5,3,4,2,0,0,0,0,1,0,0,0,0,0,0,0,15,0,0,0,0
8083,4,3,2,0,2,0,0,1,2,0,0,1,0,1,0,0,16,0,1,0,0
8092,2,0,0,0,0,0,0,0,0,0,0,1,0,0,0,0,3,0,2,0,0
8093,3,4,2,1,0,0,2,1,2,0,0,0,0,0,0,0,15,0,1,0,1
8121,4,2,2,2,0,0,1,0,0,0,0,0,0,0,0,0,11,0,1,0,0
8130,5,5,1,2,1,6,0,1,1,0,2,1,0,2,0,0,27,0,0,0,0
8131,10,8,9,7,7,1,1,1,2,2,0,1,0,0,0,0,49,1,0,0,0
8139,6,2,3,2,1,0,0,0,0,0,1,0,2,0,0,0,17,0,1,0,1
8141,13,10,6,1,1,9,2,0,0,1,0,1,0,0,0,0,44,0,0,0,0
8142,13,2,7,5,2,0,4,1,4,1,1,1,0,1,0,0,42,1,1,0,0
8143,22,5,1,1,0,0,0,1,4,0,0,2,9,0,0,0,45,2,0,0,0
8145,14,12,5,5,3,2,2,1,2,0,3,2,1,0,0,0,52,1,0,0,0
8147,3,2,3,2,3,1,2,1,0,0,1,0,0,0,0,0,18,2,0,2,1
8206,5,0,4,2,5,0,1,3,0,0,0,0,0,0,0,0,20,0,0,0,0
8207,8,5,7,4,1,3,0,2,4,0,0,0,0,2,0,0,36,0,0,0,0
8212,7,2,6,5,6,1,2,1,1,0,0,1,2,0,0,0,34,1,0,0,0
8220,1,0,0,3,1,0,0,0,3,3,0,0,0,0,0,0,11,0,0,0,0
8222,10,10,8,2,5,4,1,1,3,0,0,0,2,2,0,0,48,1,0,0,0
8223,14,8,5,3,6,7,2,2,5,0,0,1,0,2,0,0,55,2,0,0,0
8227,3,0,1,3,1,8,0,0,1,1,3,1,0,0,0,0,22,10,0,0,1
8231,4,1,1,2,0,3,0,0,0,0,1,0,0,0,0,0,12,0,1,0,1
8234,7,2,5,5,2,2,1,1,2,0,0,0,0,0,0,0,27,1,0,0,1
8235,12,15,3,1,1,3,2,1,2,0,3,0,2,1,0,0,46,1,0,0,1
8237,3,1,4,2,2,0,0,0,2,1,1,0,1,0,0,0,17,1,0,0,1
8239,3,4,2,0,0,7,3,0,4,0,1,1,1,2,0,0,28,1,1,0,0
8241,1,4,2,2,4,5,3,0,1,2,0,0,0,0,0,0,24,0,1,0,1
8242,10,5,4,5,3,2,3,1,1,0,0,0,3,0,0,0,37,0,0,0,0
8245,14,5,2,6,1,0,3,1,4,0,0,1,0,1,0,0,38,0,0,0,0
8246,6,1,0,0,0,1,0,2,4,0,0,0,0,0,0,0,14,0,0,0,0
8255,1,1,1,0,0,1,0,0,0,0,0,1,0,0,0,0,5,0,0,0,0
8256,9,4,5,4,3,2,5,1,2,2,0,0,1,0,0,0,38,1,0,0,1
8260,8,7,6,8,0,10,1,3,3,0,1,2,0,0,0,0,49,0,0,0,0
8265,12,8,4,3,2,0,2,1,0,1,0,1,0,1,0,0,35,0,0,0,0
8269,12,10,6,3,1,8,1,1,2,1,0,1,1,0,0,0,47,1,0,0,0
8272,3,1,1,2,0,3,1,1,2,1,1,1,0,1,0,0,18,0,0,0,1
8273,2,3,1,2,1,6,0,1,1,0,1,0,0,0,0,0,18,0,0,0,0
8274,4,4,2,2,0,6,2,2,0,0,0,0,0,0,0,0,22,0,1,0,1
8276,8,7,2,1,0,2,0,0,0,0,1,1,1,0,0,0,23,0,0,0,1
8278,4,5,3,3,2,2,1,1,0,0,1,0,0,0,0,0,22,0,3,0,1
8279,5,5,3,2,0,1,0,1,1,0,0,1,0,0,0,0,19,0,3,0,1
8280,4,2,2,2,2,0,0,0,0,0,0,0,0,2,0,0,14,0,9,0,0
8281,5,8,2,1,1,6,1,0,2,0,0,1,0,0,0,0,27,0,1,0,1
8282,7,3,1,2,4,1,0,0,0,2,0,1,1,0,0,0,22,0,1,0,1
8283,2,3,2,1,0,3,1,1,0,0,0,0,1,1,0,0,15,0,2,0,1
8284,5,7,4,3,2,2,1,1,1,0,0,0,1,0,0,0,27,0,1,0,0
8285,4,0,4,2,0,0,0,0,3,2,0,0,0,0,0,0,15,0,3,0,1
8289,4,2,3,3,1,1,3,0,3,1,0,0,1,0,0,0,22,0,0,0,1
8293,2,3,3,3,4,4,0,0,0,1,1,1,0,1,0,0,23,1,1,0,0
8302,5,3,3,2,4,3,0,0,1,0,1,0,1,2,0,0,25,0,0,0,1
8303,6,4,2,0,0,2,0,0,0,0,0,0,0,0,0,0,14,1,2,0,0
8305,8,5,2,2,0,1,1,2,0,0,0,0,0,0,0,0,21,0,1,0,1
8307,3,4,2,3,2,2,2,0,1,0,0,0,0,1,0,0,20,0,2,0,1
8309,5,4,5,3,2,0,1,1,0,2,0,1,0,0,0,0,24,0,1,0,0
8314,6,5,2,0,1,0,1,2,0,0,0,0,0,0,0,0,17,0,2,0,1
8317,7,4,1,2,0,4,1,0,1,0,4,0,0,0,0,0,24,0,0,0,0
8323,5,2,2,2,2,0,1,0,3,0,0,0,1,0,0,0,18,0,2,0,0
8340,3,3,1,1,2,0,0,1,0,0,0,0,0,0,0,0,11,0,0,0,1
8341,7,2,5,2,2,4,1,1,1,0,1,0,0,0,0,0,26,1,2,0,0
8345,9,11,2,3,3,3,0,0,0,0,0,0,2,0,0,0,33,0,0,0,1
8346,8,2,2,3,2,0,0,0,0,0,0,0,1,0,0,0,18,0,1,0,1
8349,6,5,3,2,2,2,1,2,0,0,0,0,0,0,0,0,23,0,0,0,1
8358,5,2,2,4,0,1,1,0,0,0,0,2,1,0,0,0,18,0,1,0,0
8360,2,1,3,2,4,1,1,1,2,2,1,0,0,0,0,0,20,0,0,0,0
8361,3,3,3,3,5,2,1,1,2,1,1,0,0,0,0,0,25,0,0,0,1
8362,4,2,4,2,1,4,1,0,4,2,0,1,0,0,0,0,25,0,0,0,1
8363,8,4,2,1,0,6,2,0,1,0,1,0,0,0,0,0,25,0,0,0,0
8365,3,4,2,2,1,2,0,0,0,0,1,0,0,0,0,0,15,0,0,0,1
8366,5,2,2,2,0,4,3,0,0,0,1,0,0,0,0,0,19,1,4,0,0
8367,6,3,3,3,1,0,2,1,4,1,1,0,1,0,0,0,26,0,0,0,0
8368,3,3,2,4,0,3,0,0,0,0,1,0,2,0,0,0,18,1,2,0,1
8369,8,5,3,2,2,3,1,0,0,0,0,1,0,1,0,0,26,0,0,0,0
8371,3,5,1,2,1,8,1,1,0,0,0,0,4,1,0,0,27,0,0,0,0
8373,11,4,0,0,0,2,0,0,1,0,0,0,6,0,0,0,24,0,0,0,0
8374,7,7,2,4,1,6,2,1,1,0,0,0,0,0,0,0,31,0,1,0,1
8375,6,5,2,2,0,5,1,1,2,0,0,0,0,0,0,0,24,0,0,0,0
8376,3,6,2,1,0,1,0,1,1,0,0,0,0,0,0,0,15,0,1,0,0
8380,5,1,4,3,2,1,0,1,2,0,0,1,0,1,0,0,21,1,1,0,0
8382,8,3,2,2,2,0,2,1,0,1,0,2,0,0,0,0,23,0,0,0,1
8384,8,5,1,1,1,1,0,1,3,0,1,1,2,0,0,0,25,0,0,0,0
8385,3,0,4,3,2,0,2,1,1,0,0,1,0,0,0,0,17,0,6,0,1
8389,4,3,3,3,2,3,0,0,1,0,1,0,0,0,0,0,20,1,4,3,1
8392,4,6,3,2,1,4,0,0,1,0,1,0,1,1,0,0,24,0,0,0,0
8393,6,5,3,2,0,5,0,0,1,0,0,0,0,0,0,0,22,1,1,0,1
8396,5,3,4,2,4,1,2,0,2,0,0,0,0,0,0,0,23,1,2,0,0
8399,8,2,3,5,2,0,0,1,3,0,0,0,0,0,0,0,24,0,0,0,0
8400,6,8,3,2,1,2,1,1,0,0,0,1,0,0,0,0,25,0,1,0,0
8402,5,6,3,3,4,2,3,1,2,1,0,0,0,0,0,0,30,0,0,0,0
8404,7,5,3,3,3,0,0,1,1,0,0,1,0,0,0,0,24,0,2,0,1
8405,5,3,2,5,2,1,0,3,1,0,0,1,0,0,0,0,23,0,0,0,1
8407,6,5,1,3,1,4,0,3,0,0,0,0,1,0,0,0,24,0,1,0,0
8408,4,2,3,3,2,0,2,0,1,0,1,0,2,0,0,0,20,0,1,2,0
8409,9,5,2,2,2,0,1,2,1,0,0,0,0,0,0,0,24,0,0,0,0
8411,2,0,1,2,2,0,0,0,0,0,1,0,0,0,1,0,9,0,0,0,1
8413,1,2,4,3,3,6,1,0,0,0,1,1,0,0,0,0,22,0,0,0,1
8419,3,2,4,3,1,2,6,2,0,4,1,1,0,1,0,0,30,0,0,0,1
8422,7,2,4,4,0,2,3,1,1,1,0,0,1,0,0,0,26,0,0,0,1
8423,1,2,5,0,3,2,2,0,0,0,1,1,1,1,0,0,19,0,0,0,1
8424,9,4,3,4,4,0,2,0,2,2,0,3,2,0,0,0,35,0,4,0,0
8425,0,1,0,1,2,2,0,0,0,0,0,0,0,0,0,0,6,0,0,0,0
8426,7,7,3,1,0,0,1,1,1,0,0,0,0,0,0,0,21,1,0,0,0
8427,3,2,2,3,5,2,0,0,2,2,0,0,1,0,0,0,22,0,0,0,0
8431,3,1,1,0,1,1,0,1,0,1,0,0,0,1,0,0,10,0,0,0,0
8434,2,3,3,2,1,5,0,0,0,0,0,0,0,1,0,0,17,0,0,0,0
8435,0,0,1,0,1,1,1,0,1,0,0,0,0,0,0,0,5,0,2,0,0
8436,16,9,9,9,7,2,2,0,1,3,0,0,1,0,0,0,59,0,0,0,0
8437,1,0,1,0,2,2,1,0,1,0,0,0,0,0,0,0,8,0,0,0,0
8438,7,6,4,1,3,0,0,0,2,0,0,0,0,0,0,0,23,0,0,0,0
8439,6,3,4,8,5,2,3,0,2,1,0,1,1,0,0,0,36,0,0,0,0
8441,4,1,0,1,1,1,1,0,0,0,0,0,1,1,0,0,11,0,0,0,0
8445,7,7,4,7,5,2,2,2,2,0,0,3,0,0,0,0,41,0,0,0,0
8450,4,2,3,3,3,0,2,0,2,0,0,0,0,0,0,0,19,0,0,0,0
8457,6,6,3,3,4,3,1,1,2,0,0,0,0,0,0,0,29,0,0,0,0
8459,9,5,4,3,6,2,2,1,3,1,0,0,1,0,0,0,37,0,1,0,0
8461,2,0,0,0,1,1,0,0,0,0,0,0,0,0,0,0,4,0,0,0,0
8463,9,5,5,3,3,0,0,1,0,1,0,2,0,0,0,0,29,0,0,0,0
8467,1,4,0,1,0,4,0,1,0,0,1,0,0,0,0,0,12,0,1,0,1
8469,0,2,1,4,2,8,0,1,0,0,0,0,0,0,0,0,18,1,1,0,0
8470,4,5,3,2,7,7,1,0,2,0,0,0,1,0,0,0,32,2,0,0,0
8471,13,10,2,1,0,12,0,1,1,0,1,1,0,1,0,0,43,3,1,3,0
8472,6,3,2,3,0,0,0,1,2,0,1,1,0,0,0,0,19,0,0,0,1
8474,6,5,1,3,0,3,0,1,1,0,1,1,1,1,0,0,24,0,0,0,1
8476,7,2,2,2,2,0,2,1,2,1,1,0,1,0,0,0,23,0,2,0,1
8477,8,6,4,3,5,4,0,0,2,0,0,0,2,0,0,0,34,0,0,0,1
8479,14,9,9,3,3,3,1,3,3,0,1,0,0,0,0,0,49,0,0,0,1
8488,10,4,5,9,8,0,2,1,1,2,2,0,4,0,0,0,48,0,0,0,0
8489,11,10,5,3,3,0,3,2,6,0,0,1,3,0,0,0,47,1,0,0,1
8490,20,13,5,6,5,0,1,0,3,2,1,0,0,0,0,0,56,0,0,0,0
8493,15,10,6,2,5,0,3,1,7,1,0,4,1,1,0,0,56,0,0,0,0
8495,10,17,4,6,8,7,3,0,2,1,2,1,0,1,0,0,62,2,0,2,0
8498,10,7,5,6,1,5,1,1,6,0,0,2,0,1,0,0,45,0,0,0,1
8499,4,6,3,0,0,3,1,0,0,0,0,0,0,0,0,0,17,1,0,0,1
8501,12,11,9,3,9,4,3,1,1,1,0,2,3,1,0,0,60,0,1,0,1
8503,2,3,2,2,2,4,0,0,1,0,0,1,0,0,0,0,17,0,1,0,1
8504,3,4,4,1,0,6,1,0,3,0,0,0,1,0,0,0,23,1,0,0,0
8505,3,1,1,0,0,1,0,1,1,0,0,0,0,1,0,0,9,0,0,0,0
8506,8,8,2,0,2,4,1,1,1,0,1,0,0,0,0,0,28,0,0,0,1
8507,13,8,1,4,3,7,1,3,1,0,1,0,0,0,0,0,42,0,0,0,0
8509,8,10,10,10,0,12,0,1,1,0,0,0,0,1,0,0,53,0,0,0,1
8511,2,0,0,0,0,1,1,0,0,0,0,0,1,1,0,0,6,0,0,0,0
8512,13,9,4,0,2,6,5,0,4,0,0,3,1,2,0,0,49,0,0,0,1
8513,3,1,1,0,1,2,2,0,0,0,1,0,1,1,0,0,13,0,0,0,1
8516,10,2,0,2,1,0,1,0,0,0,0,0,0,0,0,0,16,0,0,0,1
8517,1,1,1,1,0,8,0,0,0,0,1,0,0,0,0,0,13,0,0,3,1
8519,4,5,4,3,1,7,2,0,1,0,0,0,2,1,0,0,30,1,1,0,1
8520,4,3,4,3,0,2,1,0,3,2,0,0,0,0,0,0,22,6,2,0,1
8521,7,5,5,2,4,1,2,0,1,1,0,1,3,0,0,0,32,1,1,0,1
8522,3,3,1,2,1,4,1,0,0,2,1,0,4,0,0,0,22,0,1,0,1
8524,2,1,0,3,1,3,3,2,1,1,1,0,0,0,0,0,18,0,2,0,0
8525,6,1,1,2,1,0,0,0,1,1,0,0,1,0,0,0,14,1,0,0,1
8527,6,2,5,3,3,2,1,1,2,1,0,0,0,0,0,0,26,1,0,0,1
8528,1,2,4,4,1,2,1,0,0,0,0,0,0,0,0,0,15,0,1,0,1
8530,2,3,1,0,0,5,0,0,0,0,0,0,0,1,0,0,12,0,1,0,1
8532,6,4,4,3,1,0,2,0,3,1,0,1,0,0,0,0,25,1,1,0,1
8533,6,2,4,2,2,1,3,0,0,0,1,1,2,0,0,0,24,0,2,0,1
8534,2,1,3,3,1,2,1,0,1,2,1,0,0,0,0,0,17,0,0,0,1
8535,4,3,3,4,0,0,1,1,1,1,0,1,0,0,0,0,19,0,4,0,1
8536,2,2,4,1,4,0,0,0,3,0,0,0,0,0,0,0,16,0,1,0,0
8537,5,1,3,2,1,2,0,2,0,0,0,0,1,0,0,0,17,0,2,0,1
8538,9,3,3,4,3,0,3,0,1,0,0,1,2,0,0,0,29,0,1,0,1
8539,5,2,2,3,3,0,1,0,0,0,1,0,0,0,0,0,17,0,1,0,0
8540,5,4,2,4,1,4,1,2,3,0,0,0,1,0,0,0,27,1,1,0,0
8541,6,5,2,3,0,3,5,2,2,1,0,1,1,2,0,0,33,0,0,0,1
8542,9,10,3,4,5,0,0,0,5,0,1,0,0,1,0,0,38,1,2,3,1
8543,2,2,3,2,0,2,0,0,0,1,0,0,0,0,0,0,12,0,1,0,1
8545,5,4,2,3,3,2,3,1,1,1,0,0,1,1,0,0,27,2,1,0,0
8546,5,6,3,0,0,4,0,0,2,0,0,0,0,1,0,0,21,0,0,0,0
8547,1,1,0,1,0,1,1,2,0,0,1,0,0,0,0,0,8,0,1,0,1
8549,5,5,2,0,0,1,0,0,1,0,0,1,3,0,0,0,18,0,3,0,0
8550,5,7,1,2,0,4,0,0,1,0,0,0,0,0,1,0,21,0,1,0,1
8551,6,2,3,2,1,1,1,1,0,0,0,0,0,0,1,0,18,0,1,0,0
8552,2,3,1,3,2,1,1,0,1,0,0,0,0,0,0,0,14,0,1,0,1
8553,4,3,4,3,7,0,3,0,2,0,0,1,0,0,0,0,27,0,0,0,0
8555,4,1,2,3,10,1,1,0,1,2,1,0,0,0,0,0,26,0,1,0,0
8556,10,3,4,2,5,0,0,0,0,0,0,1,0,0,0,0,25,0,0,0,0
8558,1,2,3,1,2,3,0,0,0,0,0,0,0,1,0,0,13,0,3,0,1
8559,3,2,4,2,0,5,1,0,1,0,1,1,0,2,0,0,22,1,1,0,1
8560,4,3,1,4,3,5,1,0,1,1,0,2,0,1,0,0,26,1,1,0,1
8561,5,2,1,2,5,2,1,0,1,0,3,0,0,0,1,0,23,0,1,0,1
8562,3,7,6,6,3,3,0,1,0,0,1,0,0,0,0,0,30,1,1,0,1
8563,4,2,3,1,0,1,0,0,1,0,0,0,0,0,0,0,12,0,1,0,0
8564,6,2,4,5,2,0,2,0,0,0,1,1,2,0,0,0,25,0,2,0,0
8565,4,6,6,2,7,0,5,0,1,0,0,1,0,0,0,0,32,0,0,0,0
8566,13,7,6,4,3,1,2,0,3,2,0,0,1,2,0,0,44,1,2,0,0
8567,4,6,4,1,3,5,2,0,0,0,1,0,0,0,0,0,26,1,0,0,1
8568,2,3,5,1,1,2,2,0,0,1,1,0,0,2,1,1,22,0,1,0,0
8569,5,2,2,5,0,0,1,0,0,0,1,0,0,1,0,0,17,0,0,0,0
8570,5,1,2,2,0,0,0,0,3,1,0,0,1,0,0,0,15,0,2,0,1
8571,9,3,4,5,1,0,0,0,3,0,0,0,0,0,0,0,25,1,2,0,0
8572,5,5,2,5,6,5,1,0,1,1,1,0,0,1,0,0,33,0,0,0,0
8573,5,2,5,5,1,0,1,0,2,0,1,0,0,0,0,0,22,0,0,0,0
8574,6,4,2,4,2,2,1,0,3,0,1,0,0,0,0,0,25,0,1,0,1
8576,3,4,2,4,1,5,1,0,1,0,1,1,1,0,0,0,24,1,0,0,1
8578,6,4,5,2,3,0,2,0,1,0,1,0,0,0,0,0,24,1,0,0,1
8579,10,5,4,7,3,3,0,1,0,0,1,1,1,0,1,0,37,0,0,0,0
8580,9,2,4,6,1,0,3,1,0,0,1,1,1,1,0,0,30,2,0,2,1
8581,4,3,0,3,0,3,1,1,0,1,1,0,0,0,0,0,17,0,0,0,0
8582,7,5,4,5,3,0,4,1,2,0,1,1,0,0,0,0,33,0,0,0,0
8584,14,6,6,2,7,1,3,1,0,0,0,1,1,1,0,0,43,0,1,0,0
8585,6,4,4,1,2,0,1,2,2,0,0,1,0,0,0,0,23,0,0,0,1
8586,4,6,7,4,7,0,5,1,1,0,1,2,0,0,0,0,38,0,0,0,0
8587,6,4,6,3,5,0,3,0,1,0,0,2,0,0,0,0,30,0,0,0,0
8589,5,2,3,1,0,2,3,0,2,1,0,1,0,0,0,0,20,0,3,0,1
8590,7,3,2,3,0,2,1,0,0,0,1,0,1,0,0,0,20,1,0,0,1
8591,10,2,0,1,1,11,0,0,0,0,0,0,0,0,0,0,25,0,1,0,0
8592,4,3,3,2,3,4,0,0,2,1,0,1,3,0,0,0,26,0,0,0,1
8593,4,3,3,1,0,2,0,0,3,0,0,0,1,0,0,0,17,2,2,0,1
8594,1,0,2,3,0,1,1,1,0,1,0,1,0,0,0,0,11,0,3,0,1
8595,4,4,3,2,1,2,0,0,1,0,0,0,0,0,0,0,17,1,0,0,0
8596,6,4,1,0,1,2,1,1,3,0,1,1,2,0,0,0,23,2,0,0,1
8597,9,3,3,3,4,0,1,0,1,0,0,0,1,0,0,0,25,0,3,0,0
8598,6,4,2,1,4,6,0,1,0,1,1,0,0,0,0,0,26,0,0,0,0
8599,1,1,1,2,1,1,0,0,1,0,0,0,0,0,0,0,8,0,1,0,0
8601,1,2,3,1,2,3,0,0,0,0,0,0,0,1,0,0,13,0,3,0,1
8602,5,2,2,4,2,2,5,2,2,2,0,1,0,0,0,0,29,0,2,0,1
8604,8,5,1,2,3,2,0,0,1,0,1,0,1,1,0,0,25,1,1,0,1
8605,6,1,3,2,2,0,3,0,0,2,0,0,1,0,0,0,20,2,3,0,1
8606,4,3,2,0,2,1,2,0,0,0,1,0,0,0,0,0,15,0,2,0,0
8608,11,2,4,4,1,0,2,2,0,0,1,0,0,0,0,0,27,1,3,0,1
8610,2,3,4,2,2,1,2,0,2,1,0,0,0,0,0,0,19,0,3,0,1
8612,7,4,4,3,0,0,1,1,1,0,2,0,0,1,0,0,24,0,1,0,1
8613,6,4,3,3,1,4,1,1,5,0,0,1,0,0,0,0,29,2,0,0,1
8614,3,2,4,1,1,0,1,0,0,0,1,0,0,0,1,0,14,0,0,0,0
8615,2,2,3,2,1,5,2,0,2,0,1,0,1,0,1,0,22,0,1,0,1
8616,3,2,3,0,0,5,0,0,1,0,0,0,0,0,0,0,14,0,2,0,1
8617,7,3,5,2,1,1,1,0,0,0,0,0,0,0,0,0,20,0,2,0,1
8619,7,4,4,5,3,2,0,0,1,1,1,1,0,0,0,0,29,3,0,0,1
8620,7,5,2,3,1,1,0,0,3,0,0,1,2,1,0,0,26,0,0,0,1
8621,7,5,5,2,4,1,2,0,1,1,0,1,3,0,0,0,32,1,0,0,1
8622,3,1,3,0,3,0,4,1,0,1,0,0,0,0,0,0,16,0,4,0,1
8623,7,3,6,3,1,1,0,0,2,1,0,1,2,0,0,0,27,0,1,0,1
8625,5,5,2,0,0,1,0,0,1,0,0,1,3,0,0,0,18,0,1,0,0
8626,3,5,2,4,1,1,0,0,2,0,0,1,0,0,0,0,19,0,0,0,1
8627,5,5,4,0,2,5,1,0,0,0,1,0,0,2,0,0,25,2,0,0,1
8628,4,3,4,3,0,2,1,0,3,2,0,0,0,0,0,0,22,6,2,0,0
8629,3,2,1,1,0,3,0,0,0,0,0,0,0,1,0,0,11,0,4,2,1
8630,4,1,2,1,0,0,4,0,1,0,0,0,0,0,0,0,13,0,0,0,0
8631,4,3,2,2,0,2,0,0,0,0,0,0,0,0,0,0,13,0,2,0,1
8632,8,4,4,3,1,1,2,0,2,1,0,1,0,0,0,0,27,1,0,0,1
8633,3,2,2,3,3,0,1,0,0,0,1,0,0,0,0,0,15,0,0,0,1
8634,2,1,5,5,3,1,2,0,1,0,0,0,1,1,0,0,22,0,3,0,1
8635,4,2,2,2,0,0,2,0,2,0,0,0,0,0,0,0,14,0,0,0,1
8636,7,3,2,1,0,3,0,1,5,0,1,1,0,0,0,0,24,0,1,0,1
8637,4,1,3,4,1,1,1,0,0,1,3,0,0,1,0,0,20,3,1,0,1
8638,1,0,1,2,1,1,2,0,0,0,0,0,0,0,0,0,8,0,0,0,1
8639,5,3,5,3,1,3,4,1,1,0,1,2,0,2,0,0,31,1,3,0,1
8640,2,2,3,3,1,4,1,0,1,2,1,0,0,0,0,0,20,0,0,0,1
8642,1,1,2,2,2,1,1,1,2,0,1,0,0,1,0,0,15,0,0,0,0
8643,5,3,1,2,4,1,1,0,0,0,0,0,0,0,0,0,17,1,0,2,1
8644,7,6,4,4,1,3,3,1,1,1,0,0,1,0,0,0,32,0,0,0,1
8645,11,8,6,3,0,1,2,1,2,0,0,1,0,0,0,0,35,1,0,0,1
8646,4,1,3,1,3,0,3,2,2,2,0,0,0,0,0,0,21,0,1,0,1
8647,1,0,2,0,0,2,2,1,0,0,0,0,0,0,0,0,8,0,1,0,1
8648,4,2,2,3,1,0,1,0,1,1,0,0,1,0,0,0,16,0,1,0,1
8649,7,1,3,5,6,2,1,0,1,1,1,0,0,0,0,0,28,0,1,0,1
8651,4,2,2,1,2,0,0,0,2,0,1,1,0,0,0,0,15,0,0,0,1
8652,3,2,2,2,1,1,1,0,0,1,0,0,0,0,0,0,13,0,3,0,1
8653,4,4,2,4,2,4,1,1,2,0,0,0,3,0,0,0,27,0,0,0,0
8654,7,1,2,1,2,1,3,0,4,1,0,0,1,0,0,0,23,0,3,0,1
8655,6,2,3,3,2,0,1,0,0,1,1,0,0,1,0,0,20,0,3,0,1
8656,3,2,2,3,4,3,1,2,0,0,0,0,0,0,0,0,20,0,3,0,1
8657,4,0,7,5,2,0,4,0,0,4,0,1,0,0,0,0,27,2,0,2,1
8658,6,5,4,4,4,3,0,1,1,0,0,0,1,0,0,0,29,0,1,0,1
8659,4,2,3,4,3,2,0,1,1,0,0,0,0,0,0,0,20,1,2,0,1
8660,8,3,5,3,3,0,0,1,0,0,0,0,0,0,0,0,23,0,1,0,0
8661,4,0,3,2,2,0,0,2,3,1,1,1,1,1,0,0,21,0,2,0,0
8662,5,4,3,1,1,1,2,1,2,0,0,0,0,0,0,0,20,1,0,0,1
8663,5,6,1,3,1,6,2,1,0,0,0,1,1,0,0,0,27,0,1,0,1
8664,3,5,0,0,0,12,0,0,5,0,0,0,0,0,0,0,25,0,1,0,1
8666,4,3,3,0,0,3,0,1,2,0,0,0,1,0,0,0,17,1,0,0,0
8671,6,5,2,0,0,3,0,0,0,0,0,0,0,0,0,0,16,0,0,0,0
8672,3,4,2,0,1,1,0,1,2,0,0,0,2,0,0,0,16,0,0,0,0
8681,2,2,2,1,0,3,0,1,1,0,1,0,0,0,1,0,14,0,0,0,0
8685,7,5,3,0,1,4,1,0,0,0,1,0,0,0,0,0,22,1,0,0,0
8689,1,3,1,3,0,6,0,0,1,0,0,1,0,0,0,0,16,0,0,0,0
8691,4,3,2,2,0,1,0,0,2,0,1,0,4,0,0,0,19,2,0,0,0
8692,5,2,2,4,4,3,0,0,0,0,0,0,0,0,0,0,20,0,0,0,0
8694,10,5,4,0,2,1,0,0,1,0,1,0,0,0,0,0,24,0,0,0,0
8701,2,1,1,1,1,1,2,0,0,0,0,0,0,0,0,0,9,0,1,0,1
8709,6,6,2,2,1,1,2,0,3,0,0,0,0,0,0,0,23,1,0,0,0
8710,5,3,4,4,2,0,1,0,3,0,0,0,0,0,0,0,22,0,0,0,1
8716,7,6,1,2,0,4,0,1,1,0,1,0,0,0,0,0,23,0,0,0,0
8720,7,6,2,1,0,4,0,0,2,0,0,0,0,0,0,0,22,0,0,0,0
8722,7,4,0,0,0,1,0,0,1,0,0,0,1,0,0,0,14,1,0,0,0
8725,6,7,2,0,0,2,0,0,2,0,0,0,1,0,0,0,20,1,0,0,0
8734,8,2,4,6,3,1,0,2,1,2,0,0,0,0,0,0,29,0,0,0,0
8735,4,7,3,0,0,6,0,0,1,0,1,1,0,0,0,0,23,0,0,0,0
8741,6,5,1,0,0,1,0,1,1,0,1,0,0,0,0,0,16,0,0,0,0
8744,9,4,2,0,0,1,0,0,0,0,0,0,0,0,0,0,16,0,0,0,0
8745,5,3,2,2,0,3,1,0,0,0,1,0,0,1,0,0,18,0,0,0,0
8752,2,5,2,0,0,4,0,0,1,0,1,0,0,1,0,0,16,1,0,0,0
8761,5,5,1,2,0,1,0,0,1,0,0,0,0,0,0,0,15,0,0,0,0
8762,4,4,1,1,1,4,1,0,3,0,0,0,0,0,0,0,19,0,0,0,0
8769,6,6,1,0,0,1,0,0,0,0,0,0,0,0,0,0,14,0,0,0,0
8770,4,3,2,0,0,2,1,0,2,0,0,0,0,0,0,0,14,0,0,0,0
8771,7,4,2,0,0,4,0,0,1,0,0,0,0,0,0,0,18,0,0,0,0
8772,6,4,0,0,0,4,1,1,3,0,0,1,2,0,0,0,22,0,0,0,0
8774,2,1,4,2,3,2,0,0,0,1,1,0,0,0,0,0,16,0,1,0,1
8776,0,0,3,1,1,2,1,0,0,0,0,0,0,0,0,0,8,0,3,0,0
8777,5,1,2,6,2,1,1,1,3,0,3,0,0,1,0,0,26,0,1,0,0
8778,6,2,3,2,3,0,0,0,0,0,0,0,0,0,0,0,16,0,0,0,1
8779,7,4,1,2,0,2,0,0,3,0,1,0,1,0,0,0,21,0,0,0,0
8780,5,4,9,4,3,2,1,1,2,0,1,0,0,0,0,0,32,5,1,5,1
8781,11,11,1,2,2,11,0,1,3,0,0,2,0,0,0,0,44,1,0,0,0
8782,3,3,6,10,3,5,0,0,0,0,0,0,2,1,0,0,33,7,2,6,1
8783,3,2,10,7,1,8,7,0,3,4,3,0,1,4,0,0,53,2,1,2,1
8784,13,7,6,4,6,4,3,4,1,1,1,1,0,0,0,0,51,0,0,0,0
8785,8,1,10,4,5,0,1,0,0,0,1,1,0,0,0,0,31,8,0,8,0
8786,3,3,2,0,1,1,0,0,1,0,2,0,0,0,0,0,13,0,2,0,1
8787,1,1,3,5,5,1,0,0,0,0,0,1,0,1,2,0,20,0,3,0,1
8788,4,6,5,4,3,0,1,0,2,1,1,0,1,0,0,0,28,0,3,0,0
8789,4,5,3,3,4,4,2,0,0,1,0,0,0,0,0,0,26,0,2,0,1
8790,17,12,6,6,4,4,0,2,4,0,0,2,0,0,0,1,58,2,1,0,0
8791,3,1,4,6,6,0,1,0,0,2,0,0,0,0,0,0,23,0,0,0,1
8792,25,3,2,2,0,0,0,0,1,0,1,0,0,0,0,0,34,21,0,9,1
8793,3,1,1,3,2,0,1,1,1,0,0,0,3,0,0,0,16,0,0,0,0
8794,2,2,4,1,4,1,4,1,0,0,1,0,0,0,0,0,20,0,2,0,1
8795,3,4,1,1,2,5,0,0,0,0,0,0,1,0,0,0,17,0,2,0,0
8796,4,2,2,3,4,5,2,0,0,1,0,0,0,2,0,0,25,0,0,0,1
8797,5,4,4,10,2,2,1,1,3,0,0,1,0,0,0,0,33,0,2,0,0
8798,6,0,6,4,3,3,1,0,1,4,1,0,0,0,0,0,29,0,1,0,1
8800,3,1,4,1,0,3,0,0,4,0,0,0,0,0,0,0,16,0,3,0,1
8801,2,0,0,1,1,4,1,1,1,0,1,1,0,0,0,0,13,0,0,2,1
8802,5,2,4,3,0,2,2,0,3,0,0,1,0,0,0,0,22,0,0,0,1
8803,5,1,0,1,1,1,0,1,1,0,3,0,8,0,0,0,22,5,2,0,0
8804,2,2,4,2,4,3,2,0,0,1,0,0,0,0,0,0,20,1,1,0,1
8805,8,4,2,1,1,7,0,0,0,0,5,0,1,1,0,0,30,3,0,0,0
8806,3,2,3,4,2,0,1,1,2,0,0,0,1,0,0,0,19,0,1,0,0
8807,2,3,6,4,3,2,3,0,0,1,0,0,0,1,0,0,25,3,3,3,1
8808,4,0,1,1,0,1,0,0,1,0,0,0,0,0,0,0,8,0,1,0,1
8809,2,1,3,1,0,5,1,0,0,2,2,1,0,0,0,0,18,0,1,0,1
8810,6,1,4,1,1,1,1,3,0,0,0,0,0,2,0,0,20,4,0,7,1
8811,6,2,9,3,1,3,0,0,1,0,2,0,0,0,0,0,27,7,1,8,0
8812,7,3,4,2,0,2,0,0,2,0,2,0,2,0,0,0,24,6,0,7,0
8813,8,0,4,4,3,1,3,1,1,0,0,0,2,0,0,0,27,6,0,6,0
8814,13,5,5,1,4,0,2,1,2,0,0,0,3,0,0,0,36,3,0,5,1
8815,6,4,8,3,1,5,1,1,2,3,0,2,0,0,0,0,36,6,3,6,1
8816,7,6,3,1,1,5,1,0,1,0,2,0,2,0,0,0,29,0,0,0,1
8817,4,1,0,0,0,4,0,0,1,0,0,0,0,0,0,0,10,1,5,0,1
8818,6,2,2,1,1,1,1,0,1,1,0,0,0,0,0,0,16,0,2,0,1
8819,8,6,5,1,2,3,0,0,0,0,1,0,1,0,0,0,27,3,2,5,0
8820,3,3,3,4,1,1,0,0,0,0,0,1,0,1,0,0,17,0,1,0,1
8821,4,5,2,3,0,4,2,0,0,0,0,0,1,0,0,0,21,0,1,0,0
8822,4,3,3,4,3,1,0,0,0,0,0,0,0,0,0,0,18,1,5,0,1
8823,1,1,3,3,2,1,1,0,0,1,2,0,0,0,0,0,15,0,1,0,1
8824,4,3,3,1,2,1,0,0,2,1,1,2,0,0,0,0,20,0,3,0,1
8825,2,1,3,3,3,0,0,0,0,1,0,0,0,0,0,0,13,0,4,0,1
8826,5,3,3,0,2,0,0,1,1,0,0,0,0,0,0,0,15,0,6,0,1
8827,4,5,2,2,2,2,1,1,0,0,0,0,0,0,0,0,19,0,5,0,1
8828,10,4,6,2,4,2,0,0,2,0,0,2,1,1,0,0,34,0,0,0,0
8830,2,0,3,4,1,1,2,0,0,0,1,0,0,1,0,0,15,0,0,2,1
8831,2,4,2,0,0,5,0,0,0,1,0,0,0,0,0,0,14,0,4,0,1
8832,7,3,3,3,0,0,2,2,1,0,1,0,2,0,0,0,24,0,3,0,1
8833,8,4,5,3,2,1,0,1,0,0,0,0,0,0,0,0,24,0,6,0,0
8834,8,10,0,0,1,4,1,0,0,0,0,1,0,0,0,0,25,0,2,0,1
8835,3,0,3,3,0,1,0,0,0,0,0,1,0,0,0,0,11,0,1,0,1
8836,2,2,1,1,2,2,0,0,1,0,0,0,0,2,0,0,13,0,1,0,0
8837,6,4,1,2,0,0,1,0,2,0,0,0,2,0,0,0,18,0,2,0,1
8838,5,5,2,2,4,1,1,1,1,1,1,0,1,0,0,0,25,0,4,0,1
8839,2,3,4,2,5,2,5,0,1,0,0,1,0,0,0,0,25,0,8,0,1
8840,12,9,7,11,8,3,6,4,1,2,0,1,0,1,0,0,65,0,0,0,0
8841,7,5,4,0,1,2,1,0,0,2,0,2,3,0,0,0,27,0,0,3,0
8842,6,2,3,2,3,0,0,1,1,1,0,0,1,0,0,0,20,0,3,0,0
8843,5,3,2,2,1,1,4,1,0,0,0,0,0,1,0,0,20,0,3,0,0
8844,3,4,3,6,1,6,0,0,1,2,1,0,0,0,0,0,27,0,2,0,1
8845,4,0,3,2,0,0,4,0,2,0,0,0,0,1,0,0,16,0,4,0,0
8846,4,2,3,3,1,2,0,1,1,0,0,0,0,0,0,0,17,0,3,0,0
8847,6,2,1,10,4,1,1,0,1,0,0,1,0,0,0,0,27,0,3,0,0
8848,4,3,5,3,4,2,1,0,3,2,1,1,0,0,1,0,30,2,2,0,0
8849,6,6,3,1,1,4,2,0,0,1,0,2,1,0,0,0,27,0,3,0,1
8850,3,2,5,1,3,2,2,0,0,0,1,1,1,0,0,0,21,0,6,0,1
8851,8,6,9,8,12,2,1,1,2,0,2,1,2,2,0,0,56,0,2,2,1
8853,9,8,7,5,8,9,2,2,4,2,0,3,3,0,0,0,62,2,2,0,1
8854,6,3,5,1,1,7,0,0,0,0,0,0,0,0,0,0,23,0,5,0,0
8855,2,2,3,2,1,5,1,0,1,1,1,0,0,0,0,0,19,2,1,0,0
8856,3,1,3,3,4,2,0,1,0,0,1,0,0,0,0,0,18,0,5,0,1
8857,2,2,3,1,1,6,0,0,1,1,1,0,0,0,0,0,18,1,8,4,1
8858,1,2,3,2,2,3,0,0,0,0,1,0,0,0,0,0,14,0,2,0,0
8859,5,5,1,1,2,2,0,0,0,0,0,0,0,0,0,0,16,0,0,0,0
8860,17,5,4,3,7,7,3,2,1,0,2,2,2,0,0,0,55,0,2,0,0
8861,10,4,3,5,6,2,0,1,1,1,1,1,1,0,0,0,36,0,1,0,0
8862,1,0,1,1,1,0,0,0,1,1,0,0,0,0,0,0,6,0,1,0,0
8863,5,4,3,3,1,0,1,2,3,0,0,0,1,0,0,0,23,0,2,0,0
8864,5,2,5,4,1,1,1,0,1,1,1,0,0,0,2,0,24,0,8,0,0
8865,6,2,3,4,3,0,0,1,2,1,1,0,2,0,0,0,25,0,1,0,0
8866,6,6,3,0,0,0,0,0,1,0,0,0,1,0,0,0,17,0,3,0,1
8867,11,6,1,2,4,1,0,0,2,0,1,0,1,0,0,0,29,0,11,0,1
8868,7,3,3,2,3,0,1,0,3,1,0,0,1,0,0,0,24,0,8,0,1
8869,5,2,3,2,1,0,1,0,1,0,0,0,0,1,0,0,16,0,3,0,1
8870,7,4,3,5,0,0,1,0,1,0,1,1,0,1,0,0,24,0,7,0,1
8871,5,1,2,1,3,0,0,0,0,0,0,0,0,0,0,0,12,0,5,0,1
8872,2,0,2,0,2,0,0,0,0,1,0,1,0,2,0,0,10,0,0,0,0
8873,0,0,0,1,1,0,1,1,1,0,0,0,0,0,0,0,5,0,1,0,0
8874,6,1,7,2,2,0,1,2,2,0,0,0,0,2,0,0,25,0,5,0,1
8875,6,4,3,3,0,0,0,0,3,0,1,0,0,1,0,0,21,0,5,0,0
8876,5,4,2,1,4,0,2,0,2,0,1,0,1,1,0,0,23,0,6,0,1
8877,4,4,5,3,6,0,1,0,0,0,2,0,0,0,0,0,25,0,6,0,0
8878,4,2,4,1,1,0,0,1,2,0,1,0,1,0,0,0,17,0,3,0,0
8879,9,8,4,1,3,10,0,0,2,0,0,2,1,2,0,0,42,2,3,5,1
8880,5,4,4,3,2,4,1,1,0,0,1,0,1,1,0,0,27,0,1,0,1
8881,6,0,2,1,0,0,2,0,0,0,1,1,0,1,0,0,14,0,4,0,1
8883,4,4,3,3,0,0,0,0,1,1,1,0,1,0,0,0,18,0,3,0,0
8885,3,2,2,3,0,5,0,0,2,1,0,0,0,0,0,0,18,0,3,0,0
8886,18,6,5,6,8,1,1,2,3,2,0,2,0,1,0,0,55,0,5,2,0
8887,12,7,6,8,8,2,3,3,3,2,0,2,0,0,0,0,56,2,0,3,0
8888,12,6,7,9,10,0,3,5,1,1,0,1,1,0,0,0,56,1,5,0,0
8890,11,6,10,6,11,1,4,1,2,0,0,2,1,1,0,0,56,0,0,0,0
8893,9,3,6,7,6,0,1,2,4,0,0,2,0,2,1,0,43,0,3,0,0
8896,5,10,3,3,1,15,0,0,1,0,3,1,0,0,0,0,42,5,0,0,0
8897,7,6,3,3,3,3,1,2,2,1,1,1,0,0,0,0,33,1,3,2,0
8898,6,3,4,1,0,1,0,1,1,0,0,1,0,0,0,0,18,1,0,2,1
8899,1,1,3,1,2,0,4,0,0,0,0,1,0,1,0,0,14,0,5,0,1
8900,3,2,3,0,1,4,0,0,1,0,0,0,0,0,0,0,14,1,10,2,1
8901,6,6,4,6,5,2,0,1,2,1,3,0,2,0,0,0,38,0,0,0,1
8902,10,6,5,6,2,3,2,1,3,0,1,0,0,1,0,0,40,0,1,0,1
8903,16,12,8,7,9,1,1,2,3,0,1,2,0,0,0,0,62,1,1,2,0
8904,2,2,2,2,0,6,1,0,0,2,1,0,0,0,0,0,18,0,2,0,1
8905,16,10,3,6,7,4,3,4,1,2,0,2,0,2,0,0,60,0,0,2,0
8906,6,2,3,1,0,2,0,1,1,0,1,0,0,0,0,0,17,0,4,0,0
8907,13,6,6,6,6,0,0,1,1,1,1,0,0,0,2,0,43,0,1,0,1
8908,8,1,7,4,1,0,6,0,3,0,0,1,1,2,0,0,34,0,0,0,1
8909,6,7,3,0,1,4,0,1,1,0,0,0,0,0,0,0,23,2,5,0,1
8910,4,1,3,1,1,0,0,0,0,0,0,1,0,1,0,1,13,1,3,0,0
8912,0,0,3,5,2,0,1,0,0,0,0,1,0,0,0,0,12,1,1,0,1
8913,10,6,5,7,8,7,2,0,4,0,1,0,2,1,0,0,53,1,0,15,0
8914,6,1,3,1,5,0,0,0,0,0,0,0,1,0,0,0,17,0,3,0,0
8915,3,0,3,2,1,0,1,1,1,0,0,1,0,0,0,0,13,0,2,0,0
8916,3,0,3,1,2,2,2,0,0,0,0,0,0,1,0,0,14,0,4,0,1
8917,19,9,10,3,2,4,2,0,2,0,4,0,0,0,0,0,55,0,2,0,0
8918,9,8,6,4,2,11,5,0,2,0,0,2,2,0,0,0,51,0,0,0,1
8919,7,2,2,2,2,0,1,0,3,1,1,0,0,0,0,0,21,0,8,0,1
8920,7,5,2,3,1,9,0,0,1,0,1,1,2,0,0,0,32,0,0,0,1
8923,8,5,2,0,2,1,0,0,2,0,0,0,4,0,0,0,24,0,0,0,0
8924,7,4,2,1,2,3,2,1,3,1,0,0,0,0,0,0,26,0,0,0,0
8926,8,5,5,1,3,0,2,2,1,0,0,0,0,1,0,0,28,0,0,0,0
8928,7,6,1,0,0,2,0,1,1,0,0,0,0,0,0,0,18,2,0,0,0
8929,7,3,2,2,1,0,1,1,0,0,0,0,0,1,0,0,18,0,0,0,0
8931,8,6,0,0,0,5,0,1,0,0,0,0,2,0,0,0,22,0,0,0,0
8933,5,5,1,4,2,4,0,0,3,0,0,0,0,0,0,0,24,1,0,0,0
8935,5,2,4,2,3,0,2,0,2,2,1,0,0,1,0,0,24,0,0,0,1
8936,3,3,3,1,1,4,0,0,2,0,1,0,0,0,0,0,18,0,0,0,1
8937,3,3,3,1,3,2,0,0,3,0,1,1,0,0,0,0,20,0,0,0,1
8938,6,2,3,2,3,3,0,1,1,1,0,1,1,0,0,0,24,0,0,0,0
8939,6,2,0,0,0,4,0,1,1,0,2,0,0,0,0,0,16,7,0,0,0
8940,9,6,1,1,1,3,0,0,3,0,0,1,0,1,0,0,26,1,0,0,0
8941,7,4,3,4,4,2,3,0,2,0,1,0,0,1,0,0,31,1,0,2,1
8942,7,4,2,3,3,0,1,2,1,0,0,0,0,1,0,0,24,0,0,0,0
8943,6,3,4,1,0,2,3,0,0,0,0,0,2,1,0,0,22,0,0,0,1
8944,5,1,3,2,5,0,1,0,2,1,1,0,0,0,0,0,21,0,0,0,0
8946,7,6,3,1,1,3,1,0,2,0,0,0,0,0,0,0,24,0,0,0,0
8947,4,0,1,3,3,6,0,0,2,0,0,0,0,0,0,0,19,0,1,2,0
8948,5,2,4,4,4,4,1,0,0,0,0,1,0,1,0,0,26,0,0,0,0
8949,7,3,2,4,2,0,0,0,1,0,0,1,0,0,0,0,20,0,0,0,1
8951,3,5,6,3,5,0,0,1,3,0,0,0,0,0,0,0,26,0,0,0,0
8952,6,6,2,1,3,0,1,0,2,0,1,0,0,0,0,0,22,1,0,0,0
8956,2,2,2,1,0,0,0,0,1,0,0,0,0,0,0,0,8,0,0,0,0
8957,9,4,3,4,0,2,0,2,0,1,0,0,2,0,0,0,27,0,0,0,0
8958,7,4,8,2,0,0,4,1,0,0,1,1,0,0,0,0,28,0,0,0,0
8959,6,3,3,5,2,0,0,2,2,1,0,1,0,0,0,0,25,0,0,0,0
8960,8,8,3,1,1,4,0,0,1,0,0,1,0,0,0,0,27,0,0,0,0
8962,3,2,2,2,2,0,1,0,1,0,0,0,0,0,0,0,13,0,0,0,0
8965,7,3,3,2,1,0,0,0,0,0,1,0,0,0,0,0,17,0,0,0,0
8966,5,4,1,0,1,3,0,1,4,0,1,0,0,0,0,0,20,0,0,0,0
8968,5,1,1,2,0,3,0,1,3,0,1,1,0,2,0,0,20,0,0,0,0
8971,4,4,2,2,3,3,2,1,0,0,0,0,0,0,0,0,21,0,0,0,0
8972,6,5,1,0,0,4,0,0,2,0,0,0,0,0,0,0,18,0,0,0,0
8973,5,5,3,1,0,2,1,0,0,0,0,0,0,0,0,0,17,0,0,0,0
8976,8,3,3,2,0,0,0,1,3,0,0,0,0,1,0,0,21,0,0,0,0
8977,5,5,3,1,1,2,2,2,2,0,1,0,0,1,0,0,25,0,0,0,1
8979,6,4,2,2,5,0,2,0,1,0,1,0,0,0,0,0,23,0,0,0,1
8987,5,1,3,5,3,1,1,0,0,0,0,1,2,1,0,0,23,0,0,0,0
8989,5,1,3,2,3,6,1,0,0,0,1,1,0,0,0,0,23,0,3,0,0
8991,2,2,4,3,1,0,1,0,1,0,1,1,0,2,0,0,18,0,1,0,1
8994,5,1,3,1,1,0,2,0,1,0,1,0,1,1,0,0,17,1,2,0,1
8995,7,3,1,5,3,5,2,0,0,0,1,0,0,0,0,0,27,0,0,0,0
8996,6,7,6,6,3,3,4,2,4,3,0,0,2,1,0,0,47,0,0,0,0
8998,8,5,3,4,1,4,1,0,0,2,1,0,0,0,0,0,29,1,0,0,1
9001,11,11,8,3,7,3,3,0,4,2,1,1,2,0,0,0,56,2,0,0,0
9002,3,0,3,1,0,0,2,0,2,0,0,1,0,0,0,0,12,0,2,0,0
9003,12,5,4,5,5,6,2,2,3,1,2,1,1,0,0,0,49,3,0,2,1
9004,3,4,2,1,0,10,0,0,2,0,0,0,0,0,0,0,22,0,0,0,0
9007,11,6,8,4,1,6,0,2,1,0,0,0,0,0,0,0,39,3,1,0,0
9008,8,5,5,0,4,6,0,2,1,0,0,0,1,0,0,0,32,6,3,0,0
9009,13,12,6,6,9,4,1,3,2,1,0,1,0,0,0,0,58,1,0,0,0
9011,6,3,2,5,4,6,0,1,4,1,2,1,0,0,0,1,36,1,0,0,0
9012,4,3,0,1,1,2,1,1,2,0,0,0,0,0,0,0,15,0,0,0,1
9013,11,10,8,3,8,1,2,1,3,1,1,2,1,1,2,0,55,1,3,0,0
9014,1,0,6,0,4,0,2,0,1,1,1,1,0,1,0,0,18,1,1,0,0
9016,11,4,6,5,2,1,1,4,1,2,0,2,0,0,0,0,39,0,0,0,1
9017,10,8,1,0,0,3,1,0,1,0,0,0,1,0,0,0,25,2,1,0,1
9018,4,6,4,0,0,7,0,0,1,0,0,1,0,0,0,0,23,0,0,0,1
9019,2,2,3,5,2,3,1,0,1,1,0,1,0,0,0,0,21,0,3,0,0
9023,9,5,2,2,3,1,1,0,1,0,0,0,0,0,0,0,24,0,0,0,0
9024,3,1,4,7,5,0,0,1,0,1,0,1,2,0,0,0,25,0,1,0,0
9025,6,2,2,1,0,2,0,0,1,0,0,0,0,0,0,0,14,1,0,0,0
9026,9,6,3,1,2,6,0,0,3,0,0,1,0,0,0,0,31,0,1,0,0
9027,9,10,5,3,0,4,2,0,3,0,0,0,0,0,0,0,36,2,0,0,0
9028,3,2,2,1,0,5,2,0,1,0,0,1,0,2,0,0,19,0,1,0,1
9029,5,8,4,5,6,6,2,0,3,3,1,1,0,0,0,0,44,0,0,0,1
9031,6,2,3,0,4,0,2,0,0,0,1,0,1,0,0,0,19,0,0,0,0
9033,1,1,2,2,0,2,1,1,1,0,1,0,0,0,1,0,13,1,1,0,0
9034,3,2,1,1,0,3,1,0,0,0,0,1,0,0,0,0,12,0,2,0,0
9036,10,5,2,0,1,0,0,2,2,0,0,3,0,0,0,0,25,1,0,0,0
9037,5,3,3,1,2,0,4,0,0,0,0,0,0,0,0,0,18,0,2,0,1
9038,10,7,4,2,2,5,0,0,1,1,0,0,0,0,0,0,32,0,0,0,0
9039,7,3,3,1,3,0,1,1,1,0,1,1,0,0,0,0,22,0,0,0,0
9040,5,5,4,3,4,1,0,1,1,0,0,1,0,1,0,0,26,0,0,0,0
9041,14,11,5,6,1,9,0,2,4,0,0,1,2,2,0,0,57,0,0,0,0
9044,11,10,6,3,4,8,2,0,2,0,0,2,2,0,0,0,50,1,0,0,0
9045,1,2,2,0,0,3,0,0,0,0,0,0,1,0,0,0,9,1,2,0,0
9046,7,7,3,4,1,2,0,2,2,0,0,0,2,0,0,0,30,1,1,0,1
9047,5,1,1,3,7,4,3,0,0,0,0,3,0,0,0,0,27,0,0,0,0
9048,9,4,0,0,0,3,1,0,2,0,1,1,2,0,0,0,23,0,2,0,0
9050,2,2,1,2,1,2,1,0,1,2,1,0,0,0,0,0,15,0,1,0,0
9052,4,3,1,3,1,1,0,1,1,0,1,1,2,0,0,0,19,1,0,0,1
9053,6,4,5,2,2,2,1,1,0,0,0,0,0,0,0,0,23,0,3,0,1
9054,7,4,3,3,3,2,0,1,0,0,0,2,1,0,0,0,26,2,3,0,0
9055,3,2,1,0,2,3,0,0,1,0,1,0,0,0,0,0,13,0,0,0,0
9056,7,8,7,0,1,3,2,1,0,0,1,0,0,0,0,0,30,1,4,0,1
9057,9,10,5,6,2,6,1,2,4,2,0,2,2,1,0,0,52,0,0,0,0
9058,12,14,7,3,2,5,1,0,4,1,0,1,3,0,0,0,53,2,1,0,0
9059,5,6,3,1,0,3,1,0,3,0,0,1,0,0,0,0,23,1,0,0,0
9060,3,2,3,1,4,0,1,1,1,2,1,0,0,0,0,0,19,0,0,0,0
9061,5,3,0,0,0,6,1,0,1,0,0,0,0,0,0,0,16,0,0,0,0
9062,8,8,6,1,3,16,0,1,5,0,1,0,4,0,0,0,53,17,1,0,0
9063,6,4,3,6,1,3,1,0,2,0,1,1,0,0,0,0,28,1,2,0,0
9064,2,4,3,4,1,2,0,0,2,0,1,0,0,0,0,0,19,1,1,0,1
9065,10,5,9,5,1,8,0,2,1,1,0,3,0,0,0,0,45,1,1,0,1
9066,3,1,1,1,1,5,1,0,0,0,0,0,0,0,0,0,13,0,0,0,0
9067,6,5,2,0,1,6,0,0,1,0,0,0,2,0,0,0,23,0,0,0,0
9068,3,2,6,8,7,0,1,0,0,1,0,2,0,0,0,0,30,0,0,0,0
9069,8,2,3,2,3,1,0,1,0,2,0,2,1,0,0,0,25,0,0,0,0
9071,8,6,4,3,3,4,1,1,3,0,0,1,0,2,0,0,36,1,1,0,0
9073,6,6,3,4,2,7,3,2,0,0,0,2,0,0,0,0,35,0,0,0,1
9075,5,7,3,2,0,12,0,0,2,0,0,1,0,1,0,0,33,1,0,0,0
9076,13,9,2,3,0,8,1,1,6,0,0,0,4,1,0,0,48,0,0,0,0
9077,3,4,5,3,0,5,0,0,1,0,2,0,0,1,0,1,25,0,0,0,0
9079,14,12,6,4,0,9,1,1,0,1,0,0,1,0,0,0,49,2,1,0,0
9080,11,7,9,9,2,3,0,2,2,2,0,0,3,2,0,0,52,2,0,0,0
9081,9,9,2,3,4,6,2,3,2,0,1,2,1,0,0,0,44,1,2,0,0
9082,12,12,8,5,1,6,0,1,1,0,1,3,1,1,0,0,52,2,0,0,0
9084,14,6,11,8,6,4,2,0,0,1,1,0,0,0,0,0,53,0,0,0,0
9085,7,4,3,5,2,9,0,0,1,0,4,3,2,1,0,0,41,0,3,2,0
9086,8,4,3,3,2,3,1,0,0,0,0,0,2,1,0,0,27,0,0,0,1
9087,9,10,4,2,4,0,2,0,5,1,0,3,1,1,0,0,42,2,0,0,0
9088,10,7,5,3,4,2,2,2,2,1,0,2,2,0,0,0,42,0,0,0,0
9091,13,13,3,4,2,4,1,1,3,1,0,1,1,0,0,0,47,1,0,0,0
9092,9,4,3,1,0,2,0,3,3,1,1,1,0,0,0,0,28,0,1,0,0
9094,2,2,0,0,0,6,1,0,0,0,1,0,0,0,0,0,12,0,1,0,0
9095,9,8,4,1,1,1,0,1,0,0,0,0,0,0,0,0,25,0,0,0,1
9096,0,2,3,0,0,2,1,0,0,0,0,0,0,0,0,0,8,0,4,0,1
9097,3,3,2,5,2,6,1,0,0,0,0,0,0,0,0,0,22,0,1,0,1
9098,7,4,3,2,1,2,0,0,1,1,3,0,0,0,0,0,24,1,2,0,1
9099,5,5,0,0,0,1,0,1,0,0,0,1,0,1,0,0,14,0,3,0,0
9101,9,9,5,4,1,14,1,2,3,0,0,1,0,1,0,0,50,1,0,0,0
9102,12,8,7,6,1,5,2,2,2,0,0,1,0,0,0,0,46,0,0,0,1
9103,7,3,4,2,1,0,0,0,1,0,0,0,0,0,0,0,18,0,4,0,0
9104,15,13,4,5,2,8,2,2,1,2,0,1,1,1,0,0,57,0,0,0,0
9105,10,11,5,2,1,9,1,2,1,0,0,0,0,0,0,0,42,0,0,0,0
9106,15,8,6,7,5,6,5,2,0,2,0,0,0,0,0,0,56,1,1,0,0
9108,6,2,4,0,1,0,1,0,0,0,0,0,1,0,0,0,15,0,1,0,1
9111,8,11,4,2,1,7,4,0,1,0,2,0,0,0,0,0,40,0,0,0,0
9112,10,10,6,3,3,2,2,3,1,0,0,0,0,0,0,0,40,0,1,0,1
9113,4,4,0,0,0,5,0,0,2,0,0,2,0,0,0,0,17,0,0,0,0
9114,9,3,4,3,0,3,2,0,0,0,2,0,1,1,0,0,28,2,2,2,0
9116,7,3,4,4,2,2,1,0,0,0,2,1,0,0,0,0,26,1,0,0,1
9117,12,10,4,7,4,4,2,2,3,0,0,2,3,0,0,0,53,0,0,0,1
9118,9,4,6,4,3,2,2,1,0,0,2,2,0,1,0,0,36,0,1,0,1
9119,6,6,3,0,0,0,2,2,0,0,5,1,0,0,0,0,25,0,0,0,1
9120,10,7,6,6,6,4,4,1,1,2,1,0,4,0,0,0,52,4,0,0,0
9200,7,6,6,3,5,0,0,0,2,2,3,0,0,1,0,0,35,1,0,0,1
9201,3,2,2,2,0,0,0,0,1,0,1,0,0,0,0,0,11,1,0,0,1
9202,3,4,2,2,0,6,0,1,1,0,2,0,0,0,0,0,21,1,0,0,1
9203,4,6,1,1,0,4,0,0,1,0,4,0,0,0,0,0,21,0,0,0,1
9204,3,4,2,1,0,3,0,0,0,0,0,0,0,1,0,0,14,2,0,2,1
9205,6,3,1,3,0,0,0,0,1,0,1,0,0,0,0,0,15,1,0,0,1
9206,5,3,3,0,3,0,0,0,1,0,2,0,0,0,0,0,17,0,0,0,1
9207,1,4,2,1,1,4,1,0,1,0,1,0,0,0,0,0,16,1,0,0,1
9208,3,2,2,2,0,4,0,0,2,0,1,1,0,0,0,0,17,1,0,0,1
9209,8,5,4,6,1,6,0,0,1,0,1,0,0,0,0,0,32,0,0,0,1
9210,5,1,4,5,2,1,0,0,0,2,3,0,0,1,0,0,24,0,0,0,1
9211,4,4,1,2,1,0,0,1,1,0,0,0,0,0,0,0,14,0,0,0,1
9212,14,10,1,2,0,1,0,0,2,0,0,1,0,0,0,0,31,1,0,0,1
9213,11,3,3,2,2,1,1,0,2,0,0,0,0,0,0,0,25,1,0,0,1
9214,6,4,4,3,4,2,0,0,4,0,0,0,0,1,0,0,28,1,0,0,1
9215,8,3,4,2,0,0,1,2,2,0,0,0,0,0,0,0,22,1,0,0,1
9216,7,6,4,1,3,0,1,1,4,0,0,1,0,0,0,0,28,1,0,0,1
9217,12,4,2,2,4,5,0,1,2,0,0,1,0,1,0,0,34,1,0,0,1
9218,4,0,5,0,4,0,1,1,0,1,0,0,0,1,0,0,17,0,0,0,1
9219,5,3,2,2,4,0,0,0,1,0,0,1,0,0,0,0,18,1,0,0,1
9220,3,0,3,2,1,0,0,0,0,0,0,0,0,0,0,0,9,1,0,0,1
9221,5,3,3,3,2,0,1,1,2,0,1,0,0,0,0,0,21,0,0,0,1
9222,5,4,1,2,2,0,0,0,1,0,0,0,0,0,0,0,15,0,0,0,1
9223,3,2,2,2,1,1,0,0,1,0,0,0,0,1,0,0,13,0,0,0,1
9224,6,2,2,1,2,0,0,1,1,0,0,0,1,0,0,0,16,0,0,0,1
9225,4,3,3,3,2,0,0,2,2,1,0,1,0,1,0,0,22,0,0,0,1
9226,3,3,1,2,2,0,0,0,0,0,0,0,0,0,0,0,11,0,0,0,1
9227,3,2,2,1,3,0,1,0,1,2,0,0,0,0,0,0,15,0,0,0,1
9228,4,4,2,3,3,0,0,0,1,1,0,1,0,0,0,0,19,0,0,0,1
9229,2,2,2,0,2,0,2,0,1,1,0,0,1,0,0,0,13,0,0,0,1
9230,5,2,4,2,3,0,3,1,0,0,0,0,1,1,0,0,22,0,0,0,1
9231,3,1,4,2,7,0,1,0,2,0,0,0,0,0,0,0,20,0,0,0,1
9232,1,0,2,2,3,0,1,0,1,0,0,0,0,0,0,0,10,0,0,0,1
9233,3,3,3,4,4,0,3,0,0,0,1,0,1,0,0,0,22,0,0,0,1
9234,2,0,1,1,0,0,0,0,3,0,0,1,0,0,0,0,8,0,0,0,1
9235,1,1,1,2,4,0,0,0,0,0,0,0,0,0,0,0,9,0,0,0,1
9236,5,0,5,4,6,0,2,0,4,5,0,1,0,0,0,0,32,0,0,0,1
9237,3,0,4,4,3,0,0,0,1,0,0,0,0,0,0,0,15,0,0,0,1
9238,8,6,4,3,4,0,0,0,1,0,0,2,0,0,0,0,28,0,0,0,1
9239,5,5,3,1,1,0,1,0,0,0,0,0,0,1,0,0,17,0,0,0,1
9240,5,3,2,2,1,1,1,2,0,0,1,0,1,0,0,0,19,0,0,0,1
9241,17,5,8,4,5,2,3,1,1,0,0,0,0,1,0,0,47,0,0,0,1
9242,4,1,5,2,3,0,2,1,2,2,0,0,0,0,0,0,22,0,0,0,1
9243,8,7,9,5,8,0,1,1,2,1,0,0,0,0,0,0,42,0,0,0,1
9244,3,2,3,3,3,1,2,2,1,0,0,0,1,0,0,0,21,0,0,0,1
9245,5,2,6,2,3,0,1,1,0,0,0,0,0,0,0,0,20,0,0,0,1
9246,14,6,7,5,1,0,2,3,1,0,0,0,0,1,0,0,40,0,0,0,1
9247,5,6,8,11,4,3,0,0,1,1,0,0,0,0,0,0,39,0,0,0,1
9248,21,2,13,5,3,2,1,3,0,0,0,0,0,0,0,0,50,0,0,0,1
9249,16,3,9,4,1,0,1,2,1,0,0,0,0,0,0,0,37,0,0,0,1
9250,10,5,6,6,0,1,0,0,0,0,0,1,4,0,0,0,33,0,0,0,1
9251,10,8,4,6,4,0,2,0,4,2,0,1,0,0,0,0,41,0,0,0,1
9252,9,4,4,2,2,4,1,0,1,0,0,2,0,1,0,0,30,0,0,0,1
9253,4,5,6,2,4,10,3,0,0,1,0,1,0,0,0,0,36,0,0,0,1
9254,9,8,5,6,0,5,1,0,0,0,0,1,0,2,0,0,37,0,0,0,1
9255,9,5,2,3,1,0,1,1,1,0,0,0,0,0,0,0,23,0,0,0,1
9256,5,4,4,2,0,2,1,0,4,2,0,0,1,0,0,0,25,0,0,0,1
9257,7,5,4,2,4,4,1,0,0,0,0,0,0,0,0,0,27,0,0,0,1
9258,6,4,0,0,1,3,0,1,1,0,0,0,2,0,0,0,18,0,0,0,1
9259,8,4,1,1,0,5,0,0,2,0,0,0,0,0,0,0,21,0,0,0,1
9260,6,1,4,6,4,1,1,0,3,0,0,1,0,0,0,0,27,0,0,0,1
9261,5,2,1,0,3,6,0,0,1,0,0,0,0,0,0,0,18,0,0,0,1
9262,10,8,1,2,1,5,1,0,0,1,0,0,0,0,0,0,29,0,0,0,1
9263,7,5,3,3,2,5,4,1,0,2,0,2,0,0,0,0,34,0,0,0,1
9264,5,3,3,3,2,6,0,1,0,1,1,0,1,0,0,0,26,0,0,0,1
9265,5,6,2,2,0,8,2,0,1,2,0,0,0,0,0,0,28,0,0,0,1
9266,8,9,7,4,3,3,3,3,2,0,0,0,0,1,0,0,43,0,0,0,1
9267,4,5,1,0,0,3,0,1,2,0,0,0,3,0,0,0,19,0,0,0,1
9268,5,9,1,0,0,7,0,0,0,0,0,0,1,0,0,0,23,0,0,0,1
9269,7,5,1,4,2,2,2,0,2,0,0,0,1,0,0,0,26,0,0,0,1
9270,2,4,3,5,3,3,3,0,0,0,0,0,0,0,0,0,23,0,0,0,1
9271,9,4,3,3,3,0,1,1,1,0,0,0,0,0,0,0,25,0,0,0,1
9272,6,3,0,1,0,0,0,0,3,0,0,0,0,0,0,0,13,0,0,0,1
9273,7,3,4,2,2,1,4,0,1,0,0,0,0,0,0,0,24,0,0,0,1
9274,0,2,2,2,2,5,0,0,2,0,1,0,0,0,0,0,16,0,0,0,1
9275,6,4,3,1,1,1,0,0,3,1,0,1,1,2,0,0,24,0,0,0,1
9276,3,4,2,3,1,2,1,0,2,1,0,0,0,1,0,0,20,0,0,0,1
9277,2,3,4,2,3,6,0,1,1,1,1,0,0,2,0,0,26,0,0,0,1
9278,7,6,8,6,6,7,2,1,2,3,0,1,0,0,0,0,49,0,0,0,1
9279,3,6,4,2,1,5,0,0,3,1,0,0,0,0,0,0,25,0,0,0,1
9280,5,9,3,1,2,8,1,0,1,0,0,0,0,0,0,0,30,0,0,0,1
9281,6,4,1,0,0,4,0,0,1,0,0,1,0,0,0,0,17,0,0,0,1
9282,7,3,3,1,2,3,0,1,1,0,1,0,0,0,0,0,22,0,0,0,1
9283,13,12,6,5,0,1,1,2,1,1,0,1,2,0,0,0,45,0,0,0,1
9284,3,3,6,2,3,5,4,0,0,0,0,0,0,0,0,0,26,0,0,0,1
9285,8,5,2,3,1,5,2,1,1,1,0,0,0,0,0,0,29,0,0,0,1
9286,4,5,3,2,1,4,3,2,1,1,0,0,0,1,0,0,27,0,0,0,1
9287,13,7,3,3,1,3,0,1,0,0,0,0,1,0,0,0,32,0,0,0,1
9288,8,5,4,1,1,4,0,0,1,1,0,1,4,0,0,0,30,0,0,0,1
9289,3,4,3,3,3,4,1,0,3,1,0,0,0,0,0,0,25,0,0,0,1
9290,9,8,2,3,0,9,0,0,2,0,0,1,0,1,0,0,35,0,0,0,1
9291,4,3,4,7,4,4,2,0,2,2,0,0,1,0,0,0,33,0,0,0,1
9292,6,8,5,2,2,3,0,2,2,1,0,1,1,1,0,0,34,0,0,0,1
9293,5,7,3,5,0,9,0,0,1,1,0,0,0,0,0,0,31,0,0,0,1
9294,6,7,4,3,2,3,3,0,2,0,0,0,0,0,0,0,30,0,0,0,1
9295,7,5,2,3,1,0,0,0,1,1,0,1,0,0,0,0,21,0,0,0,1
9296,11,6,2,3,0,1,0,1,0,0,0,0,3,0,0,0,27,0,0,0,1
9297,2,2,2,1,1,0,1,0,0,0,0,0,0,0,0,0,9,0,0,0,1
9298,10,7,3,5,0,1,0,0,1,0,0,0,0,1,0,0,28,0,0,0,1
9299,7,3,3,5,2,1,2,3,1,0,1,0,0,0,0,0,28,0,0,0,1
9300,10,5,1,3,0,0,2,3,0,0,0,0,0,0,0,0,24,0,0,0,1
9301,7,3,4,5,1,2,1,1,3,0,0,1,0,1,0,0,29,0,0,0,1
9302,7,5,2,5,0,0,0,2,1,0,0,1,0,0,0,0,23,0,0,0,1
9303,1,2,4,1,3,2,0,1,2,0,0,1,0,0,0,0,17,0,0,0,1
9304,6,4,3,5,0,2,0,0,1,1,0,0,1,0,0,0,23,0,0,0,1
9305,7,8,3,5,0,1,0,0,2,0,0,1,0,0,0,0,27,0,0,0,1
9306,6,4,4,3,1,0,1,1,0,1,1,0,2,0,1,0,25,0,0,0,1
9307,7,7,3,2,2,4,2,0,2,1,0,0,0,1,0,0,31,0,0,0,1
9308,7,4,3,3,2,3,0,2,1,0,0,2,0,0,0,0,27,0,0,0,1
9309,8,4,4,4,3,1,3,2,0,1,0,0,2,1,0,0,33,1,0,0,1
9310,10,6,2,1,0,2,3,0,1,2,0,0,1,0,0,0,28,0,0,0,1
9311,4,1,3,4,0,5,0,1,0,0,1,0,0,0,0,0,19,0,0,0,1
9312,6,2,3,3,1,1,1,0,4,1,1,0,2,1,0,0,26,0,0,0,1
9313,8,8,5,3,1,3,0,3,1,0,0,2,0,1,0,0,35,0,0,0,1
9314,7,6,5,3,6,0,2,1,1,0,0,0,0,0,0,0,31,0,0,0,1
9315,6,2,5,3,6,1,6,2,3,0,0,1,3,0,0,0,38,0,0,0,1
9316,6,6,4,1,2,3,0,0,1,0,0,1,0,0,0,0,24,0,0,0,1
9317,8,5,4,3,5,4,4,1,4,0,2,0,0,0,0,0,40,0,0,0,1
9318,9,4,3,2,2,1,1,0,1,1,0,0,1,0,0,0,25,0,0,0,1
9319,3,3,4,2,3,3,1,0,0,1,1,1,0,0,0,0,22,0,0,0,1
9320,2,2,3,3,0,7,0,2,0,1,1,0,0,0,0,0,21,0,0,0,1
9321,6,3,3,3,2,2,1,0,3,1,0,0,0,1,0,0,25,0,0,0,1
9322,3,2,2,1,0,0,0,0,2,0,1,0,0,0,0,0,11,0,0,0,1
9323,5,1,1,1,0,3,1,0,3,0,0,0,0,0,0,0,15,0,0,0,1
9324,6,3,1,0,0,3,1,0,1,0,0,0,0,0,0,0,15,0,0,0,1
9325,5,2,6,5,4,7,2,0,1,1,0,0,0,0,0,0,33,0,0,0,1
9326,8,9,5,3,2,6,0,0,3,1,0,0,1,0,0,0,38,0,0,0,1
9327,6,6,2,1,1,5,0,0,1,0,0,0,0,0,0,0,22,0,0,0,1
9328,34,23,18,17,9,2,0,3,6,1,0,3,2,1,0,0,119,0,0,0,1
9329,6,5,5,3,2,6,1,0,2,1,0,0,1,1,0,0,33,1,0,0,1
9330,7,3,2,6,0,0,1,1,2,0,0,2,0,3,0,0,27,0,0,0,1
9331,5,3,2,2,1,2,0,0,1,2,0,0,3,0,0,0,21,0,0,0,1
9332,4,4,1,1,2,1,3,1,0,0,0,0,0,0,0,0,17,0,0,0,1
9333,3,6,2,2,0,1,0,0,1,0,2,0,1,0,0,0,18,0,0,0,1
9334,3,4,2,5,0,1,0,0,2,0,0,1,0,1,0,0,19,0,0,0,1
9335,11,4,6,4,2,5,0,1,1,2,1,1,1,0,0,2,41,0,0,0,1
9336,5,3,4,5,1,3,4,1,2,0,0,1,1,0,0,0,30,0,0,0,1
9337,8,4,4,6,2,0,3,1,0,0,0,0,0,0,0,0,28,0,0,0,1
9338,7,5,1,1,0,0,0,0,5,0,0,0,0,2,0,0,21,0,0,0,1
9339,5,6,3,3,1,6,0,0,1,1,0,0,0,0,0,0,26,0,0,0,1
9340,4,4,1,2,0,4,1,1,1,0,0,0,0,1,0,0,19,0,0,0,1
9341,3,4,1,2,0,8,1,0,0,0,1,0,0,1,0,0,21,0,0,0,1
9342,5,6,3,2,1,6,1,1,0,0,0,0,0,0,0,0,25,0,0,0,1
9343,5,3,5,3,3,6,2,1,1,2,1,0,0,0,0,0,32,0,0,0,1
9344,5,3,6,4,1,3,2,0,1,2,1,0,0,0,0,0,28,0,0,0,1
9345,7,5,1,2,0,3,2,0,2,0,1,0,0,0,0,0,23,0,0,0,1
9346,12,5,3,1,0,4,0,0,0,0,0,0,0,0,0,0,25,0,0,0,1
9347,3,6,5,1,2,5,0,0,2,1,0,1,0,0,0,0,26,0,0,0,1
9348,6,3,6,3,1,5,3,0,1,1,0,0,0,0,0,0,29,0,0,0,1
9349,3,2,2,4,3,5,2,0,2,1,0,2,0,0,3,0,29,0,0,0,1
9350,5,7,2,3,1,7,0,0,1,0,1,0,0,0,0,0,27,0,0,0,1
9351,4,5,1,0,0,7,0,0,1,0,0,0,0,0,0,0,18,0,0,0,1
